Model A,Model B,P-Value,Significant,Winner,Mean Diff
MobileNet,EfficientNet,0.06372261047363281,False,EfficientNet,-0.032162055373191833
MobileNet,VMamba,0.0072956085205078125,False,MobileNet,0.06362950503826141
MobileNet,LEMUR,0.0072956085205078125,False,MobileNet,0.06210924088954926
MobileNet,UNet,0.0007076263427734375,True,UNet,-0.11707420647144318
MobileNet,RETFound,0.49800872802734375,False,RETFound,-0.016741621494293212
MobileNet,TinyViT,0.0003223419189453125,False,TinyViT,-0.09995356798171998
MobileNet,TinyViT-D,5.7220458984375e-06,True,TinyViT-D,-0.11725719571113587
EfficientNet,VMamba,0.0005855560302734375,False,EfficientNet,0.09579156041145324
EfficientNet,LEMUR,0.0004825592041015625,False,EfficientNet,0.09427129626274108
EfficientNet,UNet,0.001689910888671875,False,UNet,-0.08491215109825134
EfficientNet,RETFound,0.7285060882568359,False,EfficientNet,0.015420433878898621
EfficientNet,TinyViT,0.03276824951171875,False,TinyViT,-0.06779151260852814
EfficientNet,TinyViT-D,2.6702880859375e-05,True,TinyViT-D,-0.08509514033794403
VMamba,LEMUR,0.8983173370361328,False,LEMUR,-0.0015202641487121582
VMamba,UNet,1.9073486328125e-05,True,UNet,-0.1807037115097046
VMamba,RETFound,0.00830841064453125,False,RETFound,-0.08037112653255463
VMamba,TinyViT,3.814697265625e-06,True,TinyViT,-0.16358307301998137
VMamba,TinyViT-D,1.9073486328125e-06,True,TinyViT-D,-0.18088670074939728
LEMUR,UNet,1.9073486328125e-06,True,UNet,-0.17918344736099243
LEMUR,RETFound,0.000209808349609375,False,RETFound,-0.07885086238384247
LEMUR,TinyViT,1.9073486328125e-06,True,TinyViT,-0.16206280887126923
LEMUR,TinyViT-D,1.9073486328125e-06,True,TinyViT-D,-0.17936643660068513
UNet,RETFound,0.002712249755859375,False,UNet,0.10033258497714996
UNet,TinyViT,0.4304332733154297,False,UNet,0.017120638489723207
UNet,TinyViT-D,0.9854354858398438,False,TinyViT-D,-0.000182989239692688
RETFound,TinyViT,0.0003948211669921875,False,TinyViT,-0.08321194648742676
RETFound,TinyViT-D,4.76837158203125e-05,True,TinyViT-D,-0.10051557421684265
TinyViT,TinyViT-D,0.00365447998046875,False,TinyViT-D,-0.017303627729415894
