timestamp,mode,dataset,model_path,run_name,seed,monitor,monitor_value,train_metrics,val_metrics,id
1787251772,retfound_finetune,idrid,./retfound_unified/ug3kznf4/checkpoints/retfound_finetune_best.ckpt,retfound_idrid_seed42_1787250473,42,val/f1,0.41832536458969116,"{""train/acc"": 0.9297820925712585, ""train/aupr"": 0.9825302958488464, ""train/auroc"": 0.9949350357055664, ""train/f1"": 0.9126793742179871, ""train/loss_epoch"": 0.18172334134578705, ""train/loss_step"": 0.0936836451292038}","{""val/acc"": 0.5631067752838135, ""val/aupr"": 0.4176824986934662, ""val/auroc"": 0.7176938056945801, ""val/f1"": 0.41832536458969116, ""val/loss"": 4.314912796020508}",ug3kznf4
1787249401,retfound_finetune,idrid,./retfound_unified/z1t4tyqi/checkpoints/retfound_finetune_best.ckpt,retfound_idrid_seed43_1787248200,43,val/f1,0.42117369174957275,"{""train/acc"": 0.8280871510505676, ""train/aupr"": 0.9252809882164001, ""train/auroc"": 0.9794069528579712, ""train/f1"": 0.7999235987663269, ""train/loss_epoch"": 0.34052541851997375, ""train/loss_step"": 0.42267081141471863}","{""val/acc"": 0.5436893105506897, ""val/aupr"": 0.4810422956943512, ""val/auroc"": 0.7488234639167786, ""val/f1"": 0.42117369174957275, ""val/loss"": 3.24493145942688}",z1t4tyqi
1787248073,retfound_finetune,idrid,./retfound_unified/9slgimkk/checkpoints/retfound_finetune_best.ckpt,retfound_idrid_seed44_1787246852,44,val/f1,0.4938095510005951,"{""train/acc"": 0.8111380338668823, ""train/aupr"": 0.8984427452087402, ""train/auroc"": 0.9665374755859375, ""train/f1"": 0.8040072917938232, ""train/loss_epoch"": 0.4260275959968567, ""train/loss_step"": 0.6245999932289124}","{""val/acc"": 0.6019417643547058, ""val/aupr"": 0.4732508659362793, ""val/auroc"": 0.7733168005943298, ""val/f1"": 0.4938095510005951, ""val/loss"": 2.8289835453033447}",9slgimkk
1787244961,retfound_finetune,idrid,./retfound_unified/fwoxo0d4/checkpoints/retfound_finetune_best.ckpt,retfound_idrid_seed45_1787243704,45,val/f1,0.45484405755996704,"{""train/acc"": 0.8813559412956238, ""train/aupr"": 0.9732657670974731, ""train/auroc"": 0.9916314482688904, ""train/f1"": 0.8738389015197754, ""train/loss_epoch"": 0.21056535840034485, ""train/loss_step"": 0.1708129197359085}","{""val/acc"": 0.6019417643547058, ""val/aupr"": 0.4265972077846527, ""val/auroc"": 0.7255482077598572, ""val/f1"": 0.45484405755996704, ""val/loss"": 4.227982997894287}",fwoxo0d4
1785285561,retfound_finetune,idrid,./retfound_unified/n5gus4yu/checkpoints/retfound_finetune_best.ckpt,retfound_idrid_seed46_1785284518,46,val/f1,0.4130799174308777,"{""train/acc"": 0.6150121092796326, ""train/aupr"": 0.6719727516174316, ""train/auroc"": 0.8901169896125793, ""train/f1"": 0.5753798484802246, ""train/loss_epoch"": 0.862363874912262, ""train/loss_step"": 0.9076110124588013}","{""val/acc"": 0.4757281541824341, ""val/aupr"": 0.4403447210788727, ""val/auroc"": 0.7335036396980286, ""val/f1"": 0.4130799174308777, ""val/loss"": 2.0091519355773926}",n5gus4yu
1787255816,retfound_finetune,aptos,./retfound_unified/1u0qr5jl/checkpoints/retfound_finetune_best.ckpt,retfound_aptos_seed42_1787251799,42,val/f1,0.6994907855987549,"{""train/acc"": 0.9836177229881287, ""train/aupr"": 0.9967430233955383, ""train/auroc"": 0.9996795654296875, ""train/f1"": 0.966616153717041, ""train/loss_epoch"": 0.03590560331940651, ""train/loss_step"": 0.0808277353644371}","{""val/acc"": 0.8278688788414001, ""val/aupr"": 0.7165352702140808, ""val/auroc"": 0.9310684204101562, ""val/f1"": 0.6994907855987549, ""val/loss"": 1.083452820777893}",1u0qr5jl
1787259383,retfound_finetune,aptos,./retfound_unified/fyg9jii7/checkpoints/retfound_finetune_best.ckpt,retfound_aptos_seed43_1787256282,43,val/f1,0.6957414150238037,"{""train/acc"": 0.8590443730354309, ""train/aupr"": 0.8074938058853149, ""train/auroc"": 0.9624561667442322, ""train/f1"": 0.7390679717063904, ""train/loss_epoch"": 0.3814687132835388, ""train/loss_step"": 0.5073407888412476}","{""val/acc"": 0.8387978076934814, ""val/aupr"": 0.704997718334198, ""val/auroc"": 0.9286962747573853, ""val/f1"": 0.6957414150238037, ""val/loss"": 0.5490054488182068}",fyg9jii7
1787264489,retfound_finetune,aptos,./retfound_unified/v51uew08/checkpoints/retfound_finetune_best.ckpt,retfound_aptos_seed44_1787260706,44,val/f1,0.6967729330062866,"{""train/acc"": 0.9679180979728699, ""train/aupr"": 0.9876410365104675, ""train/auroc"": 0.9982555508613586, ""train/f1"": 0.9436823725700378, ""train/loss_epoch"": 0.08517217636108398, ""train/loss_step"": 0.07573941349983215}","{""val/acc"": 0.8306010961532593, ""val/aupr"": 0.6889836192131042, ""val/auroc"": 0.9299842119216919, ""val/f1"": 0.6967729330062866, ""val/loss"": 0.8961002230644226}",v51uew08
1787268909,retfound_finetune,aptos,./retfound_unified/04aaxkib/checkpoints/retfound_finetune_best.ckpt,retfound_aptos_seed45_1787264902,45,val/f1,0.7046127319335938,"{""train/acc"": 0.970648467540741, ""train/aupr"": 0.9883530735969543, ""train/auroc"": 0.9984441995620728, ""train/f1"": 0.9475486874580383, ""train/loss_epoch"": 0.08203982561826706, ""train/loss_step"": 0.06714628636837006}","{""val/acc"": 0.8360655903816223, ""val/aupr"": 0.7012532949447632, ""val/auroc"": 0.9338011145591736, ""val/f1"": 0.7046127319335938, ""val/loss"": 0.8761759996414185}",04aaxkib
1787273294,retfound_finetune,aptos,./retfound_unified/l08u2w7n/checkpoints/retfound_finetune_best.ckpt,retfound_aptos_seed46_1787269259,46,val/f1,0.7198303937911987,"{""train/acc"": 0.9784982800483704, ""train/aupr"": 0.9916576743125916, ""train/auroc"": 0.99903404712677, ""train/f1"": 0.9603769779205322, ""train/loss_epoch"": 0.06079966202378273, ""train/loss_step"": 0.09442779421806335}","{""val/acc"": 0.8387978076934814, ""val/aupr"": 0.7035085558891296, ""val/auroc"": 0.936217725276947, ""val/f1"": 0.7198303937911987, ""val/loss"": 0.9460443258285522}",l08u2w7n
1788480038,dtinyvit,idrid,./vmamba_head_training/ii8d5d41/checkpoints/best_head.ckpt,head_idrid_unmasked_42_1788477582,42,val/f1,0.46781790256500244,"{""train/acc"": 0.5326876640319824, ""train/aupr"": 0.5623752474784851, ""train/auroc"": 0.8634344339370728, ""train/f1"": 0.5082243084907532, ""train/loss_epoch"": 0.9561484456062317, ""train/loss_step"": 1.0121780633926392}","{""val/acc"": 0.553398072719574, ""val/aupr"": 0.4287078082561493, ""val/auroc"": 0.7591334581375122, ""val/f1"": 0.46781790256500244, ""val/loss"": 1.6079790592193604}",ii8d5d41
1788482517,dtinyvit,idrid,./vmamba_head_training/ra47z4jy/checkpoints/best_head.ckpt,head_idrid_unmasked_43_1788480046,43,val/f1,0.49301332235336304,"{""train/acc"": 0.5641646385192871, ""train/aupr"": 0.6498265266418457, ""train/auroc"": 0.8901427388191223, ""train/f1"": 0.534134030342102, ""train/loss_epoch"": 0.8509389758110046}","{""val/acc"": 0.6019417643547058, ""val/aupr"": 0.5018238425254822, ""val/auroc"": 0.8020371794700623, ""val/f1"": 0.49301332235336304, ""val/loss"": 1.4651603698730469}",ra47z4jy
1788485861,dtinyvit,idrid,./vmamba_head_training/8kxe2wy0/checkpoints/best_head.ckpt,head_idrid_unmasked_44_1788482526,44,val/f1,0.4533429443836212,"{""train/acc"": 0.5544794201850891, ""train/aupr"": 0.6005802154541016, ""train/auroc"": 0.8702282905578613, ""train/f1"": 0.5243207216262817, ""train/loss_epoch"": 0.9337856769561768}","{""val/acc"": 0.4660194218158722, ""val/aupr"": 0.449031800031662, ""val/auroc"": 0.758141279220581, ""val/f1"": 0.4533429443836212, ""val/loss"": 1.468948483467102}",8kxe2wy0
1788488047,dtinyvit,idrid,./vmamba_head_training/ladx5kgs/checkpoints/best_head.ckpt,head_idrid_unmasked_45_1788485871,45,val/f1,0.4518793523311615,"{""train/acc"": 0.5641646385192871, ""train/aupr"": 0.6369888186454773, ""train/auroc"": 0.8789607286453247, ""train/f1"": 0.5340694785118103, ""train/loss_epoch"": 0.9163939356803894}","{""val/acc"": 0.5242718458175659, ""val/aupr"": 0.48719659447669983, ""val/auroc"": 0.7834357023239136, ""val/f1"": 0.4518793523311615, ""val/loss"": 1.6066838502883911}",ladx5kgs
1788492411,dtinyvit,idrid,./vmamba_head_training/f6h42jvs/checkpoints/best_head.ckpt,head_idrid_unmasked_46_1788488056,46,val/f1,0.48733073472976685,"{""train/acc"": 0.6973365545272827, ""train/aupr"": 0.7815059423446655, ""train/auroc"": 0.9338640570640564, ""train/f1"": 0.678729772567749, ""train/loss_epoch"": 0.6250306367874146}","{""val/acc"": 0.5436893105506897, ""val/aupr"": 0.5192545056343079, ""val/auroc"": 0.7925745844841003, ""val/f1"": 0.48733073472976685, ""val/loss"": 1.5909106731414795}",f6h42jvs
1788498454,dtinyvit,aptos,./vmamba_head_training/udrxod4w/checkpoints/best_head.ckpt,head_aptos_unmasked_42_1788492421,42,val/f1,0.7158697843551636,"{""train/acc"": 0.9624573588371277, ""train/aupr"": 0.9785442352294922, ""train/auroc"": 0.9961921572685242, ""train/f1"": 0.9357340335845947, ""train/loss_epoch"": 0.11334380507469177, ""train/loss_step"": 0.0871986672282219}","{""val/acc"": 0.8415300250053406, ""val/aupr"": 0.6967597007751465, ""val/auroc"": 0.9191130995750427, ""val/f1"": 0.7158697843551636, ""val/loss"": 0.8214820027351379}",udrxod4w
1788502441,dtinyvit,aptos,./vmamba_head_training/b2lyzgce/checkpoints/best_head.ckpt,head_aptos_unmasked_43_1788498462,43,val/f1,0.74193274974823,"{""train/acc"": 0.9112628102302551, ""train/aupr"": 0.9201122522354126, ""train/auroc"": 0.9872747659683228, ""train/f1"": 0.845131516456604, ""train/loss_epoch"": 0.22632771730422974, ""train/loss_step"": 0.2706041932106018}","{""val/acc"": 0.8524590134620667, ""val/aupr"": 0.7650484442710876, ""val/auroc"": 0.9519023895263672, ""val/f1"": 0.74193274974823, ""val/loss"": 0.49365493655204773}",b2lyzgce
1788507106,dtinyvit,aptos,./vmamba_head_training/nv4cf7ib/checkpoints/best_head.ckpt,head_aptos_unmasked_44_1788502450,44,val/f1,0.7503902912139893,"{""train/acc"": 0.9453924894332886, ""train/aupr"": 0.9594465494155884, ""train/auroc"": 0.9940447807312012, ""train/f1"": 0.9069463014602661, ""train/loss_epoch"": 0.15525013208389282, ""train/loss_step"": 0.20062589645385742}","{""val/acc"": 0.8606557250022888, ""val/aupr"": 0.7686156630516052, ""val/auroc"": 0.9474315643310547, ""val/f1"": 0.7503902912139893, ""val/loss"": 0.6136826276779175}",nv4cf7ib
1788512195,dtinyvit,aptos,./vmamba_head_training/aiugz0cj/checkpoints/best_head.ckpt,head_aptos_unmasked_45_1788507116,45,val/f1,0.7319344282150269,"{""train/acc"": 0.9433447122573853, ""train/aupr"": 0.9608540534973145, ""train/auroc"": 0.9944682121276855, ""train/f1"": 0.9020106196403503, ""train/loss_epoch"": 0.15469437837600708, ""train/loss_step"": 0.05438558757305145}","{""val/acc"": 0.8442623019218445, ""val/aupr"": 0.7372467517852783, ""val/auroc"": 0.9396656155586243, ""val/f1"": 0.7319344282150269, ""val/loss"": 0.6704936027526855}",aiugz0cj
1788516247,dtinyvit,aptos,./vmamba_head_training/bybdrg38/checkpoints/best_head.ckpt,head_aptos_unmasked_46_1788512204,46,val/f1,0.7389573454856873,"{""train/acc"": 0.9331058263778687, ""train/aupr"": 0.9417257308959961, ""train/auroc"": 0.989957332611084, ""train/f1"": 0.8866984248161316, ""train/loss_epoch"": 0.19883312284946442, ""train/loss_step"": 0.14079159498214722}","{""val/acc"": 0.8442623019218445, ""val/aupr"": 0.7228227257728577, ""val/auroc"": 0.9356184005737305, ""val/f1"": 0.7389573454856873, ""val/loss"": 0.6494837403297424}",bybdrg38
1790660921,unet,mbrset,./light_models_retina/35bkhjq1/checkpoints/unet_best.ckpt,unet_mbrset_42_1790654924,42,val/f1,0.6850444078445435,"{""train/loss"": 0.35387662053108215, ""train/loss_step"": 0.3489122986793518, ""train/loss_epoch"": 0.35387662053108215, ""train/acc"": 0.8852981328964233, ""train/f1"": 0.6399808526039124, ""train/auroc"": 0.9364261627197266, ""train/aupr"": 0.7072964906692505}","{""val/loss"": 0.3698502480983734, ""val/acc"": 0.8852459192276001, ""val/f1"": 0.6850444078445435, ""val/auroc"": 0.9482479095458984, ""val/aupr"": 0.7422030568122864}"
1790668248,unet,mbrset,./light_models_retina/gvbqrm1w/checkpoints/unet_best.ckpt,unet_mbrset_43_1790660928,43,val/f1,0.6775139570236206,"{""train/loss"": 0.33875301480293274, ""train/loss_step"": 0.5948760509490967, ""train/loss_epoch"": 0.33875301480293274, ""train/acc"": 0.8875739574432373, ""train/f1"": 0.6481976509094238, ""train/auroc"": 0.9451635479927063, ""train/aupr"": 0.7239863276481628}","{""val/loss"": 0.35971423983573914, ""val/acc"": 0.8954917788505554, ""val/f1"": 0.6775139570236206, ""val/auroc"": 0.9254790544509888, ""val/aupr"": 0.7441636919975281}"
1790674403,unet,mbrset,./light_models_retina/im1hjlgk/checkpoints/unet_best.ckpt,unet_mbrset_44_1790668255,44,val/f1,0.6690025329589844,"{""train/loss"": 0.34972846508026123, ""train/loss_step"": 0.3574841022491455, ""train/loss_epoch"": 0.34972846508026123, ""train/acc"": 0.88165682554245, ""train/f1"": 0.6100412011146545, ""train/auroc"": 0.937944233417511, ""train/aupr"": 0.6969208717346191}","{""val/loss"": 0.3319876790046692, ""val/acc"": 0.8954917788505554, ""val/f1"": 0.6690025329589844, ""val/auroc"": 0.9544181823730469, ""val/aupr"": 0.7690035700798035}"
1790682311,unet,mbrset,./light_models_retina/1ocvjd79/checkpoints/unet_best.ckpt,unet_mbrset_45_1790674410,45,val/f1,0.738654375076294,"{""train/loss"": 0.35524091124534607, ""train/loss_step"": 0.46404361724853516, ""train/loss_epoch"": 0.35524091124534607, ""train/acc"": 0.8837050795555115, ""train/f1"": 0.6324601173400879, ""train/auroc"": 0.9387917518615723, ""train/aupr"": 0.7177671790122986}","{""val/loss"": 0.3848534822463989, ""val/acc"": 0.8995901346206665, ""val/f1"": 0.738654375076294, ""val/auroc"": 0.9228480458259583, ""val/aupr"": 0.7740196585655212}"
1790688944,unet,mbrset,./light_models_retina/2gzdyki1/checkpoints/unet_best.ckpt,unet_mbrset_46_1790682317,46,val/f1,0.6927686333656311,"{""train/loss"": 0.35527700185775757, ""train/loss_step"": 0.21742373704910278, ""train/loss_epoch"": 0.35527700185775757, ""train/acc"": 0.8866636157035828, ""train/f1"": 0.6191062927246094, ""train/auroc"": 0.9386066794395447, ""train/aupr"": 0.692750871181488}","{""val/loss"": 0.3284723162651062, ""val/acc"": 0.8975409865379333, ""val/f1"": 0.6927686333656311, ""val/auroc"": 0.9439457058906555, ""val/aupr"": 0.7602598071098328}"
1788517713,efficientnet,mbrset,./light_models_retina/me3q4r9j/checkpoints/efficientnet_best.ckpt,efficientnet_mbrset_42_1788511215,42,val/f1,0.5631840229034424,"{""train/acc"": 0.8190714716911316, ""train/aupr"": 0.5322590470314026, ""train/auroc"": 0.8474718928337097, ""train/f1"": 0.4629649221897125, ""train/loss_epoch"": 0.5719712376594543, ""train/loss_step"": 0.3715829849243164}","{""val/acc"": 0.8155737519264221, ""val/aupr"": 0.5498483777046204, ""val/auroc"": 0.7987250685691833, ""val/f1"": 0.5631840229034424, ""val/loss"": 0.6358302235603333}",me3q4r9j
1788521869,efficientnet,mbrset,./light_models_retina/ulq0kq36/checkpoints/efficientnet_best.ckpt,efficientnet_mbrset_43_1788517720,43,val/f1,0.5316147208213806,"{""train/acc"": 0.8070095777511597, ""train/aupr"": 0.46257519721984863, ""train/auroc"": 0.8080936670303345, ""train/f1"": 0.41173988580703735, ""train/loss_epoch"": 0.632075309753418, ""train/loss_step"": 0.586176872253418}","{""val/acc"": 0.8176229596138, ""val/aupr"": 0.5421968102455139, ""val/auroc"": 0.8036481738090515, ""val/f1"": 0.5316147208213806, ""val/loss"": 0.613567054271698}",ulq0kq36
1788523128,efficientnet,mbrset,./light_models_retina/rt73nnaq/checkpoints/efficientnet_best.ckpt,efficientnet_mbrset_44_1788521876,44,val/f1,0.17563217878341675,"{""train/acc"": 0.7478379607200623, ""train/aupr"": 0.20456257462501526, ""train/auroc"": 0.5019192695617676, ""train/f1"": 0.1907493621110916, ""train/loss_epoch"": 1.0049058198928833, ""train/loss_step"": 1.0081977844238281}","{""val/acc"": 0.7827869057655334, ""val/aupr"": 0.2095337212085724, ""val/auroc"": 0.5465368628501892, ""val/f1"": 0.17563217878341675, ""val/loss"": 0.8212212920188904}",rt73nnaq
1788527750,efficientnet,mbrset,./light_models_retina/k2y6gw8x/checkpoints/efficientnet_best.ckpt,efficientnet_mbrset_45_1788523134,45,val/f1,0.5412552356719971,"{""train/acc"": 0.8229403495788574, ""train/aupr"": 0.5486376881599426, ""train/auroc"": 0.8447564244270325, ""train/f1"": 0.48920732736587524, ""train/loss_epoch"": 0.562804639339447, ""train/loss_step"": 0.4981743097305298}","{""val/acc"": 0.8176229596138, ""val/aupr"": 0.5673378705978394, ""val/auroc"": 0.8081628680229187, ""val/f1"": 0.5412552356719971, ""val/loss"": 0.6005447506904602}",k2y6gw8x
1788531869,efficientnet,mbrset,./light_models_retina/47kheyci/checkpoints/efficientnet_best.ckpt,efficientnet_mbrset_46_1788527757,46,val/f1,0.5453538298606873,"{""train/acc"": 0.8142921924591064, ""train/aupr"": 0.4948054254055023, ""train/auroc"": 0.8372083902359009, ""train/f1"": 0.42541950941085815, ""train/loss_epoch"": 0.5895590782165527, ""train/loss_step"": 0.6977776288986206}","{""val/acc"": 0.8176229596138, ""val/aupr"": 0.5456762313842773, ""val/auroc"": 0.8104671835899353, ""val/f1"": 0.5453538298606873, ""val/loss"": 0.6222166419029236}",47kheyci
1788539958,mobilenet,mbrset,./light_models_retina/tbw8e5o5/checkpoints/mobilenet_best.ckpt,mobilenet_mbrset_42_1788533406,42,val/f1,0.5163524150848389,"{""train/acc"": 0.8247610330581665, ""train/aupr"": 0.6047943234443665, ""train/auroc"": 0.8707466125488281, ""train/f1"": 0.527476966381073, ""train/loss_epoch"": 0.5302208662033081, ""train/loss_step"": 0.4476497173309326}","{""val/acc"": 0.813524603843689, ""val/aupr"": 0.48640376329421997, ""val/auroc"": 0.7240720987319946, ""val/f1"": 0.5163524150848389, ""val/loss"": 0.7396057844161987}",tbw8e5o5
1788542984,mobilenet,mbrset,./light_models_retina/tjneb5ws/checkpoints/mobilenet_best.ckpt,mobilenet_mbrset_43_1788539965,43,val/f1,0.45461851358413696,"{""train/acc"": 0.7808374762535095, ""train/aupr"": 0.3375682532787323, ""train/auroc"": 0.7268384695053101, ""train/f1"": 0.2898225784301758, ""train/loss_epoch"": 0.7288795113563538, ""train/loss_step"": 0.7409768104553223}","{""val/acc"": 0.8176229596138, ""val/aupr"": 0.46025940775871277, ""val/auroc"": 0.7401278018951416, ""val/f1"": 0.45461851358413696, ""val/loss"": 0.6580898761749268}",tjneb5ws
1788544197,mobilenet,mbrset,./light_models_retina/jyabxqmc/checkpoints/mobilenet_best.ckpt,mobilenet_mbrset_44_1788542990,44,val/f1,0.17563217878341675,"{""train/acc"": 0.7298588752746582, ""train/aupr"": 0.19892136752605438, ""train/auroc"": 0.49838611483573914, ""train/f1"": 0.1803198605775833, ""train/loss_epoch"": 1.0153533220291138, ""train/loss_step"": 1.2927846908569336}","{""val/acc"": 0.7827869057655334, ""val/aupr"": 0.20824800431728363, ""val/auroc"": 0.494922935962677, ""val/f1"": 0.17563217878341675, ""val/loss"": 0.8047885298728943}",jyabxqmc
1788545356,mobilenet,mbrset,./light_models_retina/fh34yo9d/checkpoints/mobilenet_best.ckpt,mobilenet_mbrset_45_1788544203,45,val/f1,0.17977577447891235,"{""train/acc"": 0.6238051652908325, ""train/aupr"": 0.1988891065120697, ""train/auroc"": 0.48123764991760254, ""train/f1"": 0.17887458205223083, ""train/loss_epoch"": 1.3317723274230957, ""train/loss_step"": 1.3730206489562988}","{""val/acc"": 0.7643442749977112, ""val/aupr"": 0.20431624352931976, ""val/auroc"": 0.4904787540435791, ""val/f1"": 0.17977577447891235, ""val/loss"": 1.1398100852966309}",fh34yo9d
1788549166,mobilenet,mbrset,./light_models_retina/k5ofozv8/checkpoints/mobilenet_best.ckpt,mobilenet_mbrset_46_1788545363,46,val/f1,0.47643551230430603,"{""train/acc"": 0.7931270003318787, ""train/aupr"": 0.40822386741638184, ""train/auroc"": 0.7693008780479431, ""train/f1"": 0.35222405195236206, ""train/loss_epoch"": 0.6794748306274414, ""train/loss_step"": 0.8732626438140869}","{""val/acc"": 0.8176229596138, ""val/aupr"": 0.48733940720558167, ""val/auroc"": 0.7529679536819458, ""val/f1"": 0.47643551230430603, ""val/loss"": 0.667169451713562}",k5ofozv8
1788551847,vmamba,mbrset,./light_models_retina/g9o7amv1/checkpoints/vmamba_best.ckpt,vmamba_mbrset_42_1788550581,42,val/f1,0.17563217878341675,"{""train/acc"": 0.49453800916671753, ""train/aupr"": 0.20621652901172638, ""train/auroc"": 0.5146902203559875, ""train/f1"": 0.17659732699394226, ""train/loss_epoch"": 1.3973300457000732, ""train/loss_step"": 1.3702850341796875}","{""val/acc"": 0.7827869057655334, ""val/aupr"": 0.2188185453414917, ""val/auroc"": 0.5294410586357117, ""val/f1"": 0.17563217878341675, ""val/loss"": 1.277356743812561}",g9o7amv1
1788553176,vmamba,mbrset,./light_models_retina/7bf3v7ci/checkpoints/vmamba_best.ckpt,vmamba_mbrset_43_1788551855,43,val/f1,0.17563217878341675,"{""train/acc"": 0.6991351842880249, ""train/aupr"": 0.20364384353160858, ""train/auroc"": 0.5108901262283325, ""train/f1"": 0.18876193463802338, ""train/loss_epoch"": 1.237777590751648, ""train/loss_step"": 1.1534461975097656}","{""val/acc"": 0.7827869057655334, ""val/aupr"": 0.23329387605190277, ""val/auroc"": 0.5522001385688782, ""val/f1"": 0.17563217878341675, ""val/loss"": 1.0992661714553833}",7bf3v7ci
1788554471,vmamba,mbrset,./light_models_retina/k2fpvol1/checkpoints/vmamba_best.ckpt,vmamba_mbrset_44_1788553183,44,val/f1,0.17563217878341675,"{""train/acc"": 0.7209831476211548, ""train/aupr"": 0.20656387507915497, ""train/auroc"": 0.5150771737098694, ""train/f1"": 0.19038915634155273, ""train/loss_epoch"": 1.1881431341171265, ""train/loss_step"": 1.1335830688476562}","{""val/acc"": 0.7827869057655334, ""val/aupr"": 0.21809707581996918, ""val/auroc"": 0.5698245167732239, ""val/f1"": 0.17563217878341675, ""val/loss"": 1.1189900636672974}",k2fpvol1
1788555739,vmamba,mbrset,./light_models_retina/rmp16por/checkpoints/vmamba_best.ckpt,vmamba_mbrset_45_1788554478,45,val/f1,0.1814289540052414,"{""train/acc"": 0.33386436104774475, ""train/aupr"": 0.2054121494293213, ""train/auroc"": 0.51506108045578, ""train/f1"": 0.16527223587036133, ""train/loss_epoch"": 1.5335179567337036, ""train/loss_step"": 1.4579315185546875}","{""val/acc"": 0.6659836173057556, ""val/aupr"": 0.24122539162635803, ""val/auroc"": 0.5342421531677246, ""val/f1"": 0.1814289540052414, ""val/loss"": 1.3293837308883667}",rmp16por
1788557047,vmamba,mbrset,./light_models_retina/0qyqn9nx/checkpoints/vmamba_best.ckpt,vmamba_mbrset_46_1788555746,46,val/f1,0.1758342981338501,"{""train/acc"": 0.6952662467956543, ""train/aupr"": 0.20235393941402435, ""train/auroc"": 0.507026195526123, ""train/f1"": 0.18567287921905518, ""train/loss_epoch"": 1.2171555757522583, ""train/loss_step"": 1.0418891906738281}","{""val/acc"": 0.7827869057655334, ""val/aupr"": 0.21964971721172333, ""val/auroc"": 0.5581842660903931, ""val/f1"": 0.1758342981338501, ""val/loss"": 1.1413838863372803}",0qyqn9nx
1790108962,tinyvit,mbrset,./light_models_retina/gaheypnn/checkpoints/tinyvit_best.ckpt,tinyvit_mbrset_42_1790106560,42,val/f1,0.4952749013900757,"{""train/acc"": 0.7958579659461975, ""train/aupr"": 0.4005993902683258, ""train/auroc"": 0.7827883958816528, ""train/f1"": 0.344645619392395, ""train/loss_epoch"": 0.6546370983123779, ""train/loss_step"": 0.7223987579345703}","{""val/acc"": 0.8155737519264221, ""val/aupr"": 0.5316961407661438, ""val/auroc"": 0.8135847449302673, ""val/f1"": 0.4952749013900757, ""val/loss"": 0.6040050387382507}",gaheypnn
1790110716,tinyvit,mbrset,./light_models_retina/nx5nz4rm/checkpoints/tinyvit_best.ckpt,tinyvit_mbrset_43_1790108969,43,val/f1,0.4472821354866028,"{""train/acc"": 0.7812926769256592, ""train/aupr"": 0.3189084231853485, ""train/auroc"": 0.7329512238502502, ""train/f1"": 0.27441367506980896, ""train/loss_epoch"": 0.7207194566726685, ""train/loss_step"": 0.980320930480957}","{""val/acc"": 0.7807376980781555, ""val/aupr"": 0.5073398947715759, ""val/auroc"": 0.7751412391662598, ""val/f1"": 0.4472821354866028, ""val/loss"": 0.6903541684150696}",nx5nz4rm
1790113201,tinyvit,mbrset,./light_models_retina/euz3kfz4/checkpoints/tinyvit_best.ckpt,tinyvit_mbrset_44_1790110723,44,val/f1,0.5191295146942139,"{""train/acc"": 0.7931270003318787, ""train/aupr"": 0.3722456395626068, ""train/auroc"": 0.7677167654037476, ""train/f1"": 0.32922545075416565, ""train/loss_epoch"": 0.6742709279060364, ""train/loss_step"": 0.6994819641113281}","{""val/acc"": 0.8217213153839111, ""val/aupr"": 0.558565616607666, ""val/auroc"": 0.8291707038879395, ""val/f1"": 0.5191295146942139, ""val/loss"": 0.6071068048477173}",euz3kfz4
1790116632,tinyvit,mbrset,./light_models_retina/fna7o47l/checkpoints/tinyvit_best.ckpt,tinyvit_mbrset_45_1790113208,45,val/f1,0.481407105922699,"{""train/acc"": 0.7944924831390381, ""train/aupr"": 0.3763731122016907, ""train/auroc"": 0.762222945690155, ""train/f1"": 0.3449825346469879, ""train/loss_epoch"": 0.6758050322532654, ""train/loss_step"": 0.736210823059082}","{""val/acc"": 0.8094262480735779, ""val/aupr"": 0.5601005554199219, ""val/auroc"": 0.8058180212974548, ""val/f1"": 0.481407105922699, ""val/loss"": 0.6229696869850159}",fna7o47l
1790651763,tinyvit,mbrset,./light_models_retina/rxmx3khk/checkpoints/tinyvit_best.ckpt,tinyvit_mbrset_46_1790649256,46,val/f1,0.43692660331726074,"{""train/loss"": 0.8246799111366272, ""train/loss_step"": 0.667178213596344, ""train/loss_epoch"": 0.8246799111366272, ""train/acc"": 0.7660446166992188, ""train/f1"": 0.17350515723228455, ""train/auroc"": 0.4796258509159088, ""train/aupr"": 0.1985817700624466}","{""val/loss"": 0.6262354850769043, ""val/acc"": 0.8176229596138, ""val/f1"": 0.43692660331726074, ""val/auroc"": 0.8022515177726746, ""val/aupr"": 0.5246756076812744}"
1790140257,dvmamba,idrid,./vmamba_head_training/xa9xf42j/checkpoints/best_head.ckpt,head_idrid_unmasked_42_1790134961,42,val/f1,0.2565660774707794,"{""train/acc"": 0.32203391194343567, ""train/aupr"": 0.2974211871623993, ""train/auroc"": 0.6468125581741333, ""train/f1"": 0.2710985541343689, ""train/loss_epoch"": 1.5063562393188477}","{""val/acc"": 0.3009708821773529, ""val/aupr"": 0.3041074872016907, ""val/auroc"": 0.577171266078949, ""val/f1"": 0.2565660774707794, ""val/loss"": 1.6532062292099}",xa9xf42j
1790144376,dvmamba,idrid,./vmamba_head_training/x8uq2yeu/checkpoints/best_head.ckpt,head_idrid_unmasked_43_1790140586,43,val/f1,0.24307361245155334,"{""train/acc"": 0.309927374124527, ""train/aupr"": 0.2779991328716278, ""train/auroc"": 0.6094774603843689, ""train/f1"": 0.2537229061126709, ""train/loss_epoch"": 1.5514013767242432}","{""val/acc"": 0.25242719054222107, ""val/aupr"": 0.3127712607383728, ""val/auroc"": 0.5841729044914246, ""val/f1"": 0.24307361245155334, ""val/loss"": 1.616499423980713}",x8uq2yeu
1790154976,dvmamba,idrid,./vmamba_head_training/3hotuzrj/checkpoints/best_head.ckpt,head_idrid_unmasked_44_1790144694,44,val/f1,0.2710745930671692,"{""train/acc"": 0.2953995168209076, ""train/aupr"": 0.28311285376548767, ""train/auroc"": 0.6489413976669312, ""train/f1"": 0.24406354129314423, ""train/loss_epoch"": 1.5138027667999268}","{""val/acc"": 0.3203883469104767, ""val/aupr"": 0.3204209804534912, ""val/auroc"": 0.5771905779838562, ""val/f1"": 0.2710745930671692, ""val/loss"": 1.8604131937026978}",3hotuzrj
1790162552,dvmamba,idrid,./vmamba_head_training/b4zcw014/checkpoints/best_head.ckpt,head_idrid_unmasked_45_1790155352,45,val/f1,0.2527601718902588,"{""train/acc"": 0.32687652111053467, ""train/aupr"": 0.3113846778869629, ""train/auroc"": 0.6680862307548523, ""train/f1"": 0.2859407067298889, ""train/loss_epoch"": 1.4814813137054443}","{""val/acc"": 0.3203883469104767, ""val/aupr"": 0.3180880546569824, ""val/auroc"": 0.600256621837616, ""val/f1"": 0.2527601718902588, ""val/loss"": 2.374269485473633}",b4zcw014
1790169664,dvmamba,idrid,./vmamba_head_training/y4hz8788/checkpoints/best_head.ckpt,head_idrid_unmasked_46_1790162902,46,val/f1,0.25104019045829773,"{""train/acc"": 0.33656173944473267, ""train/aupr"": 0.31281015276908875, ""train/auroc"": 0.6642946600914001, ""train/f1"": 0.28032681345939636, ""train/loss_epoch"": 1.494898796081543}","{""val/acc"": 0.3106796145439148, ""val/aupr"": 0.3168809115886688, ""val/auroc"": 0.5996567606925964, ""val/f1"": 0.25104019045829773, ""val/loss"": 1.7101668119430542}",y4hz8788
1790226267,dvmamba,mbrset,./vmamba_head_training/04wrfjsv/checkpoints/best_head.ckpt,head_mbrset_unmasked_42_1790222176,42,val/f1,0.17563217878341675,"{""train/acc"": 0.6857078075408936, ""train/aupr"": 0.20410802960395813, ""train/auroc"": 0.5103409886360168, ""train/f1"": 0.19170686602592468, ""train/loss_epoch"": 1.2253013849258423, ""train/loss_step"": 1.1247711181640625}","{""val/acc"": 0.7827869057655334, ""val/aupr"": 0.20220737159252167, ""val/auroc"": 0.512688398361206, ""val/f1"": 0.17563217878341675, ""val/loss"": 1.1191381216049194}",04wrfjsv
1790230242,dvmamba,mbrset,./vmamba_head_training/govb7nhj/checkpoints/best_head.ckpt,head_mbrset_unmasked_43_1790226276,43,val/f1,0.18858517706394196,"{""train/acc"": 0.38347747921943665, ""train/aupr"": 0.2065403312444687, ""train/auroc"": 0.5246780514717102, ""train/f1"": 0.16725271940231323, ""train/loss_epoch"": 1.4986892938613892, ""train/loss_step"": 1.399688720703125}","{""val/acc"": 0.6946721076965332, ""val/aupr"": 0.21435002982616425, ""val/auroc"": 0.4894760251045227, ""val/f1"": 0.18858517706394196, ""val/loss"": 1.3633012771606445}",govb7nhj
1790232742,dvmamba,mbrset,./vmamba_head_training/vri8opll/checkpoints/best_head.ckpt,head_mbrset_unmasked_44_1790230250,44,val/f1,0.17563217878341675,"{""train/acc"": 0.7150660157203674, ""train/aupr"": 0.20892858505249023, ""train/auroc"": 0.5280115604400635, ""train/f1"": 0.19434067606925964, ""train/loss_epoch"": 1.1994260549545288, ""train/loss_step"": 1.1324615478515625}","{""val/acc"": 0.7827869057655334, ""val/aupr"": 0.23789237439632416, ""val/auroc"": 0.5792344212532043, ""val/f1"": 0.17563217878341675, ""val/loss"": 1.1236761808395386}",vri8opll
1790235250,dvmamba,mbrset,./vmamba_head_training/u5olkef2/checkpoints/best_head.ckpt,head_mbrset_unmasked_45_1790232750,45,val/f1,0.17563217878341675,"{""train/acc"": 0.5905780792236328, ""train/aupr"": 0.20977865159511566, ""train/auroc"": 0.5226985216140747, ""train/f1"": 0.1946398913860321, ""train/loss_epoch"": 1.3398224115371704, ""train/loss_step"": 1.22406005859375}","{""val/acc"": 0.7827869057655334, ""val/aupr"": 0.21382339298725128, ""val/auroc"": 0.5359416604042053, ""val/f1"": 0.17563217878341675, ""val/loss"": 1.2403024435043335}",u5olkef2
1790237740,dvmamba,mbrset,./vmamba_head_training/0xaau6d5/checkpoints/best_head.ckpt,head_mbrset_unmasked_46_1790235258,46,val/f1,0.18651308119297028,"{""train/acc"": 0.4549385607242584, ""train/aupr"": 0.21084733307361603, ""train/auroc"": 0.524498462677002, ""train/f1"": 0.19789671897888184, ""train/loss_epoch"": 1.4695450067520142, ""train/loss_step"": 1.3557662963867188}","{""val/acc"": 0.6618852615356445, ""val/aupr"": 0.20488090813159943, ""val/auroc"": 0.5208658576011658, ""val/f1"": 0.18651308119297028, ""val/loss"": 1.3277628421783447}",0xaau6d5
1790194121,dvmamba,aptos,./vmamba_head_training/n4v7wfan/checkpoints/best_head.ckpt,head_aptos_unmasked_42_1790169983,42,val/f1,0.455780029296875,"{""train/acc"": 0.676791787147522, ""train/aupr"": 0.433453232049942, ""train/auroc"": 0.8078897595405579, ""train/f1"": 0.33642300963401794, ""train/loss_epoch"": 0.90565025806427, ""train/loss_step"": 0.7977776527404785}","{""val/acc"": 0.748633861541748, ""val/aupr"": 0.5378736853599548, ""val/auroc"": 0.8697600364685059, ""val/f1"": 0.455780029296875, ""val/loss"": 0.7457114458084106}",n4v7wfan
1790205409,dvmamba,aptos,./vmamba_head_training/nhiunrqn/checkpoints/best_head.ckpt,head_aptos_unmasked_43_1790194249,43,val/f1,0.4407585561275482,"{""train/acc"": 0.6655290126800537, ""train/aupr"": 0.4145546853542328, ""train/auroc"": 0.8017016649246216, ""train/f1"": 0.3081215023994446, ""train/loss_epoch"": 0.9191078543663025, ""train/loss_step"": 0.9167156219482422}","{""val/acc"": 0.7404371500015259, ""val/aupr"": 0.5373974442481995, ""val/auroc"": 0.8730425834655762, ""val/f1"": 0.4407585561275482, ""val/loss"": 0.7317989468574524}",nhiunrqn
1790283556,dvmamba,aptos,./vmamba_head_training/bev1sgk1/checkpoints/best_head.ckpt,head_aptos_unmasked_44_1790278029,44,val/f1,0.4369192123413086,"{""train/acc"": 0.6341297030448914, ""train/aupr"": 0.3929443359375, ""train/auroc"": 0.7793245315551758, ""train/f1"": 0.30100318789482117, ""train/loss_epoch"": 0.981112539768219, ""train/loss_step"": 1.1712161302566528}","{""val/acc"": 0.7404371500015259, ""val/aupr"": 0.5032184720039368, ""val/auroc"": 0.8512925505638123, ""val/f1"": 0.4369192123413086, ""val/loss"": 0.8203346729278564}",bev1sgk1
1790295211,dvmamba,aptos,./vmamba_head_training/32pvgekl/checkpoints/best_head.ckpt,head_aptos_unmasked_45_1790283563,45,val/f1,0.44324690103530884,"{""train/acc"": 0.6836177706718445, ""train/aupr"": 0.4317348003387451, ""train/auroc"": 0.8118853569030762, ""train/f1"": 0.3403533697128296, ""train/loss_epoch"": 0.8842450380325317, ""train/loss_step"": 1.082175612449646}","{""val/acc"": 0.748633861541748, ""val/aupr"": 0.5324086546897888, ""val/auroc"": 0.8746450543403625, ""val/f1"": 0.44324690103530884, ""val/loss"": 0.7203229069709778}",32pvgekl
1790305400,dvmamba,aptos,./vmamba_head_training/uyt899ca/checkpoints/best_head.ckpt,head_aptos_unmasked_46_1790295218,46,val/f1,0.44700437784194946,"{""train/acc"": 0.6679180860519409, ""train/aupr"": 0.42961928248405457, ""train/auroc"": 0.8095949292182922, ""train/f1"": 0.33904141187667847, ""train/loss_epoch"": 0.9104772210121155, ""train/loss_step"": 1.016723871231079}","{""val/acc"": 0.7431694269180298, ""val/aupr"": 0.525213360786438, ""val/auroc"": 0.8683730363845825, ""val/f1"": 0.44700437784194946, ""val/loss"": 0.7299952507019043}",uyt899ca
1790377914,dtinyvit,mbrset,./vmamba_head_training/nji6e332/checkpoints/best_head.ckpt,head_mbrset_unmasked_42_1790374098,42,val/f1,0.5444612503051758,"{""train/acc"": 0.9740555286407471, ""train/aupr"": 0.9884195327758789, ""train/auroc"": 0.9977084994316101, ""train/f1"": 0.9504880905151367, ""train/loss_epoch"": 0.07526010274887085, ""train/loss_step"": 0.06878074258565903}","{""val/acc"": 0.8340163826942444, ""val/aupr"": 0.5440864562988281, ""val/auroc"": 0.8383292555809021, ""val/f1"": 0.5444612503051758, ""val/loss"": 0.9228543639183044}",nji6e332
1790380219,dtinyvit,mbrset,./vmamba_head_training/l6pgvkmu/checkpoints/best_head.ckpt,head_mbrset_unmasked_43_1790377922,43,val/f1,0.5515034198760986,"{""train/acc"": 0.9371870756149292, ""train/aupr"": 0.9238020181655884, ""train/auroc"": 0.9847993850708008, ""train/f1"": 0.8683229088783264, ""train/loss_epoch"": 0.19140639901161194, ""train/loss_step"": 0.2570554316043854}","{""val/acc"": 0.8258196711540222, ""val/aupr"": 0.5757584571838379, ""val/auroc"": 0.8313829302787781, ""val/f1"": 0.5515034198760986, ""val/loss"": 0.7887428402900696}",l6pgvkmu
1790381959,dtinyvit,mbrset,./vmamba_head_training/oayvxhg3/checkpoints/best_head.ckpt,head_mbrset_unmasked_44_1790380227,44,val/f1,0.5956828594207764,"{""train/acc"": 0.856850266456604, ""train/aupr"": 0.6965712904930115, ""train/auroc"": 0.926892876625061, ""train/f1"": 0.6298015117645264, ""train/loss_epoch"": 0.4144155979156494, ""train/loss_step"": 0.45203253626823425}","{""val/acc"": 0.8176229596138, ""val/aupr"": 0.5847811698913574, ""val/auroc"": 0.8180076479911804, ""val/f1"": 0.5956828594207764, ""val/loss"": 0.6636520028114319}",oayvxhg3
1790384652,dtinyvit,mbrset,./vmamba_head_training/1sbmjohz/checkpoints/best_head.ckpt,head_mbrset_unmasked_45_1790381966,45,val/f1,0.5806629061698914,"{""train/acc"": 0.9638143181800842, ""train/aupr"": 0.9648002982139587, ""train/auroc"": 0.9955840110778809, ""train/f1"": 0.9124569892883301, ""train/loss_epoch"": 0.11000526696443558, ""train/loss_step"": 0.034852176904678345}","{""val/acc"": 0.8319672346115112, ""val/aupr"": 0.5713624358177185, ""val/auroc"": 0.8273938298225403, ""val/f1"": 0.5806629061698914, ""val/loss"": 0.981988251209259}",1sbmjohz
1790386281,dtinyvit,mbrset,./vmamba_head_training/j980rr88/checkpoints/best_head.ckpt,head_mbrset_unmasked_46_1790384659,46,val/f1,0.5792603492736816,"{""train/acc"": 0.8500227332115173, ""train/aupr"": 0.6527060866355896, ""train/auroc"": 0.9091982245445251, ""train/f1"": 0.5901598930358887, ""train/loss_epoch"": 0.45713967084884644, ""train/loss_step"": 0.39485830068588257}","{""val/acc"": 0.7971311211585999, ""val/aupr"": 0.5704662203788757, ""val/auroc"": 0.8061351776123047, ""val/f1"": 0.5792603492736816, ""val/loss"": 0.6956436634063721}",j980rr88
1790474580,unet,messidor,./light_models_retina/dkw5qadl/checkpoints/unet_best.ckpt,unet_messidor_42_1790473355,42,val/f1,0.3309745788574219,"{""train/acc"": 0.36265137791633606, ""train/aupr"": 0.2473030835390091, ""train/auroc"": 0.5920982360839844, ""train/f1"": 0.1927563101053238, ""train/loss_epoch"": 1.578102946281433, ""train/loss_step"": 1.5709871053695679}","{""val/acc"": 0.49142858386039734, ""val/aupr"": 0.32459911704063416, ""val/auroc"": 0.7347844839096069, ""val/f1"": 0.3309745788574219, ""val/loss"": 1.4731717109680176}",dkw5qadl
1790476236,unet,messidor,./light_models_retina/to0f1sj6/checkpoints/unet_best.ckpt,unet_messidor_43_1790474609,43,val/f1,0.32498496770858765,"{""train/acc"": 0.33397069573402405, ""train/aupr"": 0.24872107803821564, ""train/auroc"": 0.6020960211753845, ""train/f1"": 0.20738951861858368, ""train/loss_epoch"": 1.5734480619430542, ""train/loss_step"": 1.539648413658142}","{""val/acc"": 0.47428572177886963, ""val/aupr"": 0.35371842980384827, ""val/auroc"": 0.7414972186088562, ""val/f1"": 0.32498496770858765, ""val/loss"": 1.4771596193313599}",to0f1sj6
1790477594,unet,messidor,./light_models_retina/rycvnuwy/checkpoints/unet_best.ckpt,unet_messidor_44_1790476251,44,val/f1,0.28660476207733154,"{""train/acc"": 0.3690248429775238, ""train/aupr"": 0.24709825217723846, ""train/auroc"": 0.5908976793289185, ""train/f1"": 0.24197374284267426, ""train/loss_epoch"": 1.5922942161560059, ""train/loss_step"": 1.5273308753967285}","{""val/acc"": 0.4571428596973419, ""val/aupr"": 0.3253951668739319, ""val/auroc"": 0.7359008193016052, ""val/f1"": 0.28660476207733154, ""val/loss"": 1.4582287073135376}",rycvnuwy
1790479464,unet,messidor,./light_models_retina/lxdgrohw/checkpoints/unet_best.ckpt,unet_messidor_45_1790477601,45,val/f1,0.3327869772911072,"{""train/acc"": 0.3333333432674408, ""train/aupr"": 0.25194600224494934, ""train/auroc"": 0.6207619905471802, ""train/f1"": 0.20636585354804993, ""train/loss_epoch"": 1.5535178184509277, ""train/loss_step"": 1.5622994899749756}","{""val/acc"": 0.508571445941925, ""val/aupr"": 0.3495498299598694, ""val/auroc"": 0.730814516544342, ""val/f1"": 0.3327869772911072, ""val/loss"": 1.4732322692871094}",lxdgrohw
1790480237,unet,messidor,./light_models_retina/j3mr7io2/checkpoints/unet_best.ckpt,unet_messidor_46_1790479484,46,val/f1,0.3016342520713806,"{""train/acc"": 0.35882729291915894, ""train/aupr"": 0.23821301758289337, ""train/auroc"": 0.5775064826011658, ""train/f1"": 0.2082858681678772, ""train/loss_epoch"": 1.5991870164871216, ""train/loss_step"": 1.5484137535095215}","{""val/acc"": 0.4000000059604645, ""val/aupr"": 0.301440566778183, ""val/auroc"": 0.6853839159011841, ""val/f1"": 0.3016342520713806, ""val/loss"": 1.5028637647628784}",j3mr7io2
1790481481,efficientnet,messidor,./light_models_retina/fx4lt2tc/checkpoints/efficientnet_best.ckpt,efficientnet_messidor_42_1790480265,42,val/f1,0.3450666666030884,"{""train/acc"": 0.31485021114349365, ""train/aupr"": 0.2544688880443573, ""train/auroc"": 0.6217519640922546, ""train/f1"": 0.22893087565898895, ""train/loss_epoch"": 1.760665774345398, ""train/loss_step"": 1.5127475261688232}","{""val/acc"": 0.5257142782211304, ""val/aupr"": 0.41712838411331177, ""val/auroc"": 0.7502650618553162, ""val/f1"": 0.3450666666030884, ""val/loss"": 1.4296050071716309}",fx4lt2tc
1790482517,efficientnet,messidor,./light_models_retina/gj2zj7b2/checkpoints/efficientnet_best.ckpt,efficientnet_messidor_43_1790481509,43,val/f1,0.2729683518409729,"{""train/acc"": 0.36010196805000305, ""train/aupr"": 0.22861984372138977, ""train/auroc"": 0.5564798712730408, ""train/f1"": 0.2133740782737732, ""train/loss_epoch"": 1.8195748329162598, ""train/loss_step"": 1.5797916650772095}","{""val/acc"": 0.5371428728103638, ""val/aupr"": 0.26190289855003357, ""val/auroc"": 0.6491246223449707, ""val/f1"": 0.2729683518409729, ""val/loss"": 1.5664348602294922}",gj2zj7b2
1790484194,efficientnet,messidor,./light_models_retina/r6do0s4v/checkpoints/efficientnet_best.ckpt,efficientnet_messidor_44_1790482524,44,val/f1,0.3661854863166809,"{""train/acc"": 0.3562778830528259, ""train/aupr"": 0.25638681650161743, ""train/auroc"": 0.6263381838798523, ""train/f1"": 0.2176903337240219, ""train/loss_epoch"": 1.6148324012756348, ""train/loss_step"": 1.647151231765747}","{""val/acc"": 0.508571445941925, ""val/aupr"": 0.3832116425037384, ""val/auroc"": 0.7340030074119568, ""val/f1"": 0.3661854863166809, ""val/loss"": 1.454750657081604}",r6do0s4v
1790487154,efficientnet,messidor,./light_models_retina/ju5uag9v/checkpoints/efficientnet_best.ckpt,efficientnet_messidor_45_1790484201,45,val/f1,0.5432202816009521,"{""train/acc"": 0.495219886302948, ""train/aupr"": 0.4705231785774231, ""train/auroc"": 0.7944902777671814, ""train/f1"": 0.4201151728630066, ""train/loss_epoch"": 1.0443302392959595, ""train/loss_step"": 0.817324161529541}","{""val/acc"": 0.5714285969734192, ""val/aupr"": 0.49485188722610474, ""val/auroc"": 0.7855643630027771, ""val/f1"": 0.5432202816009521, ""val/loss"": 1.1409612894058228}",ju5uag9v
1790489136,efficientnet,messidor,./light_models_retina/gq0dosgg/checkpoints/efficientnet_best.ckpt,efficientnet_messidor_46_1790487161,46,val/f1,0.4999319911003113,"{""train/acc"": 0.4824729263782501, ""train/aupr"": 0.4626142680644989, ""train/auroc"": 0.7796590924263, ""train/f1"": 0.39818769693374634, ""train/loss_epoch"": 1.1274603605270386, ""train/loss_step"": 1.2039008140563965}","{""val/acc"": 0.5371428728103638, ""val/aupr"": 0.5046409368515015, ""val/auroc"": 0.7732502818107605, ""val/f1"": 0.4999319911003113, ""val/loss"": 1.4172780513763428}",gq0dosgg
1790489500,mobilenet,messidor,./light_models_retina/z7wk1gfu/checkpoints/mobilenet_best.ckpt,mobilenet_messidor_42_1790489143,42,val/f1,0.3407142758369446,"{""train/acc"": 0.2989165186882019, ""train/aupr"": 0.2361975759267807, ""train/auroc"": 0.5633663535118103, ""train/f1"": 0.21214458346366882, ""train/loss_epoch"": 1.7571896314620972, ""train/loss_step"": 1.671763300895691}","{""val/acc"": 0.5199999809265137, ""val/aupr"": 0.3486129939556122, ""val/auroc"": 0.7052965760231018, ""val/f1"": 0.3407142758369446, ""val/loss"": 1.4655991792678833}",z7wk1gfu
1790489915,mobilenet,messidor,./light_models_retina/56qe1eag/checkpoints/mobilenet_best.ckpt,mobilenet_messidor_43_1790489506,43,val/f1,0.37522149085998535,"{""train/acc"": 0.39706820249557495, ""train/aupr"": 0.23589491844177246, ""train/auroc"": 0.5799748301506042, ""train/f1"": 0.24616914987564087, ""train/loss_epoch"": 1.6596897840499878, ""train/loss_step"": 1.8552051782608032}","{""val/acc"": 0.5257142782211304, ""val/aupr"": 0.33803948760032654, ""val/auroc"": 0.7287726402282715, ""val/f1"": 0.37522149085998535, ""val/loss"": 1.4911080598831177}",56qe1eag
1790490596,mobilenet,messidor,./light_models_retina/wwf7bn8x/checkpoints/mobilenet_best.ckpt,mobilenet_messidor_44_1790489922,44,val/f1,0.325507253408432,"{""train/acc"": 0.32186105847358704, ""train/aupr"": 0.2541341483592987, ""train/auroc"": 0.6251742243766785, ""train/f1"": 0.2161238193511963, ""train/loss_epoch"": 1.57064688205719, ""train/loss_step"": 1.4597746133804321}","{""val/acc"": 0.48571428656578064, ""val/aupr"": 0.31515657901763916, ""val/auroc"": 0.7434984445571899, ""val/f1"": 0.325507253408432, ""val/loss"": 1.4749330282211304}",wwf7bn8x
1790491145,mobilenet,messidor,./light_models_retina/3a98w9td/checkpoints/mobilenet_best.ckpt,mobilenet_messidor_45_1790490603,45,val/f1,0.3222033381462097,"{""train/acc"": 0.38304653763771057, ""train/aupr"": 0.2539597451686859, ""train/auroc"": 0.6143932342529297, ""train/f1"": 0.2292776256799698, ""train/loss_epoch"": 1.5700929164886475, ""train/loss_step"": 1.563306450843811}","{""val/acc"": 0.48571428656578064, ""val/aupr"": 0.385868638753891, ""val/auroc"": 0.737710177898407, ""val/f1"": 0.3222033381462097, ""val/loss"": 1.4846774339675903}",3a98w9td
1790491715,mobilenet,messidor,./light_models_retina/i1f6xb7a/checkpoints/mobilenet_best.ckpt,mobilenet_messidor_46_1790491152,46,val/f1,0.2907423973083496,"{""train/acc"": 0.3008285462856293, ""train/aupr"": 0.2611995041370392, ""train/auroc"": 0.6349942684173584, ""train/f1"": 0.2101159542798996, ""train/loss_epoch"": 1.5491881370544434, ""train/loss_step"": 1.624342918395996}","{""val/acc"": 0.4342857003211975, ""val/aupr"": 0.34978705644607544, ""val/auroc"": 0.7270848751068115, ""val/f1"": 0.2907423973083496, ""val/loss"": 1.460747241973877}",i1f6xb7a
1790492744,vmamba,messidor,./light_models_retina/rb39e1ft/checkpoints/vmamba_best.ckpt,vmamba_messidor_42_1790491722,42,val/f1,0.3589272201061249,"{""train/acc"": 0.3569152355194092, ""train/aupr"": 0.2611544132232666, ""train/auroc"": 0.6122374534606934, ""train/f1"": 0.2215375453233719, ""train/loss_epoch"": 1.5613216161727905, ""train/loss_step"": 1.5397794246673584}","{""val/acc"": 0.4399999976158142, ""val/aupr"": 0.3063618540763855, ""val/auroc"": 0.7102140784263611, ""val/f1"": 0.3589272201061249, ""val/loss"": 1.4887202978134155}",rb39e1ft
1790493671,vmamba,messidor,./light_models_retina/1hrok980/checkpoints/vmamba_best.ckpt,vmamba_messidor_43_1790492751,43,val/f1,0.3032481074333191,"{""train/acc"": 0.3690248429775238, ""train/aupr"": 0.2670897841453552, ""train/auroc"": 0.6042168736457825, ""train/f1"": 0.2566128969192505, ""train/loss_epoch"": 1.5707253217697144, ""train/loss_step"": 1.5292742252349854}","{""val/acc"": 0.4171428680419922, ""val/aupr"": 0.3071189522743225, ""val/auroc"": 0.7105004191398621, ""val/f1"": 0.3032481074333191, ""val/loss"": 1.4861024618148804}",1hrok980
1790494245,vmamba,messidor,./light_models_retina/5my34n9m/checkpoints/vmamba_best.ckpt,vmamba_messidor_44_1790493678,44,val/f1,0.2911641597747803,"{""train/acc"": 0.31612491607666016, ""train/aupr"": 0.26023179292678833, ""train/auroc"": 0.5929320454597473, ""train/f1"": 0.19917434453964233, ""train/loss_epoch"": 1.5762345790863037, ""train/loss_step"": 1.6188387870788574}","{""val/acc"": 0.4457142949104309, ""val/aupr"": 0.35473692417144775, ""val/auroc"": 0.7266225814819336, ""val/f1"": 0.2911641597747803, ""val/loss"": 1.4853575229644775}",5my34n9m
1790495358,vmamba,messidor,./light_models_retina/uep2fkxy/checkpoints/vmamba_best.ckpt,vmamba_messidor_45_1790494251,45,val/f1,0.30902522802352905,"{""train/acc"": 0.28999361395835876, ""train/aupr"": 0.25026461482048035, ""train/auroc"": 0.6124688386917114, ""train/f1"": 0.1940986067056656, ""train/loss_epoch"": 1.548444151878357, ""train/loss_step"": 1.4354946613311768}","{""val/acc"": 0.38857144117355347, ""val/aupr"": 0.3133871257305145, ""val/auroc"": 0.7172567248344421, ""val/f1"": 0.30902522802352905, ""val/loss"": 1.4648065567016602}",uep2fkxy
1790496472,vmamba,messidor,./light_models_retina/v967digx/checkpoints/vmamba_best.ckpt,vmamba_messidor_46_1790495364,46,val/f1,0.349290132522583,"{""train/acc"": 0.3690248429775238, ""train/aupr"": 0.2580973207950592, ""train/auroc"": 0.6154999136924744, ""train/f1"": 0.24674634635448456, ""train/loss_epoch"": 1.5632867813110352, ""train/loss_step"": 1.459097981452942}","{""val/acc"": 0.5142857432365417, ""val/aupr"": 0.32431721687316895, ""val/auroc"": 0.7323657870292664, ""val/f1"": 0.349290132522583, ""val/loss"": 1.458499789237976}",v967digx
1787498759,vmamba,aptos,./light_models_retina/evtlrliq/checkpoints/vmamba_best.ckpt,vmamba_aptos_42_1787498759,42,val/f1,0.3034188151359558,"{""train/acc"": 0.6440272927284241, ""train/aupr"": 0.3922225832939148, ""train/auroc"": 0.7769553065299988, ""train/f1"": 0.2974967062473297, ""train/loss_epoch"": 0.9854937791824341, ""train/loss_step"": 1.0144495964050293}","{""val/acc"": 0.6748633980751038, ""val/aupr"": 0.4422205984592438, ""val/auroc"": 0.8299283981323242, ""val/f1"": 0.3034188151359558, ""val/loss"": 0.8509331941604614}",evtlrliq
1787502912,vmamba,aptos,./light_models_retina/wgdy9j0p/checkpoints/vmamba_best.ckpt,vmamba_aptos_43_1787502912,43,val/f1,0.38027262687683105,"{""train/acc"": 0.6552901268005371, ""train/aupr"": 0.4026199281215668, ""train/auroc"": 0.7848576903343201, ""train/f1"": 0.3182324767112732, ""train/loss_epoch"": 0.9611395597457886, ""train/loss_step"": 1.0266271829605103}","{""val/acc"": 0.6967213153839111, ""val/aupr"": 0.4749338626861572, ""val/auroc"": 0.847945511341095, ""val/f1"": 0.38027262687683105, ""val/loss"": 0.8106392025947571}",wgdy9j0p
1787508116,vmamba,aptos,./light_models_retina/bs2circx/checkpoints/vmamba_best.ckpt,vmamba_aptos_44_1787508116,44,val/f1,0.1568637639284134,"{""train/acc"": 0.6573379039764404, ""train/aupr"": 0.41153374314308167, ""train/auroc"": 0.8010250926017761, ""train/f1"": 0.3174741864204407, ""train/loss_epoch"": 0.925538957118988, ""train/loss_step"": 0.8106739521026611}","{""val/acc"": 0.4863387942314148, ""val/aupr"": 0.3589121699333191, ""val/auroc"": 0.7377811670303345, ""val/f1"": 0.1568637639284134, ""val/loss"": 1.465282678604126}",bs2circx
1787515287,vmamba,aptos,./light_models_retina/ud6e1dbv/checkpoints/vmamba_best.ckpt,vmamba_aptos_45_1787515287,45,val/f1,0.2367180734872818,"{""train/acc"": 0.6341297030448914, ""train/aupr"": 0.3871406614780426, ""train/auroc"": 0.7731661200523376, ""train/f1"": 0.29452580213546753, ""train/loss_epoch"": 0.9899752140045166, ""train/loss_step"": 1.1006548404693604}","{""val/acc"": 0.3715847134590149, ""val/aupr"": 0.3773767948150635, ""val/auroc"": 0.6699011325836182, ""val/f1"": 0.2367180734872818, ""val/loss"": 1.5793343782424927}",ud6e1dbv
1787518871,vmamba,aptos,./light_models_retina/fm7e3u8t/checkpoints/vmamba_best.ckpt,vmamba_aptos_46_1787518871,46,val/f1,0.4029574692249298,"{""train/acc"": 0.6515358090400696, ""train/aupr"": 0.40059033036231995, ""train/auroc"": 0.7843548655509949, ""train/f1"": 0.3058047890663147, ""train/loss_epoch"": 0.9646885991096497, ""train/loss_step"": 1.0097885131835938}","{""val/acc"": 0.7103825211524963, ""val/aupr"": 0.4976278245449066, ""val/auroc"": 0.8480491638183594, ""val/f1"": 0.4029574692249298, ""val/loss"": 0.8560647368431091}",fm7e3u8t
1787497698,vmamba,idrid,./light_models_retina/43pmsrbm/checkpoints/vmamba_best.ckpt,vmamba_idrid_46_1787497698,46,val/f1,0.1693888008594513,"{""train/acc"": 0.314769983291626, ""train/aupr"": 0.2993168830871582, ""train/auroc"": 0.6489143371582031, ""train/f1"": 0.2670556306838989, ""train/loss_epoch"": 1.5025216341018677, ""train/loss_step"": 1.6061748266220093}","{""val/acc"": 0.1650485396385193, ""val/aupr"": 0.33077311515808105, ""val/auroc"": 0.6154686808586121, ""val/f1"": 0.1693888008594513, ""val/loss"": 1.6298911571502686}",43pmsrbm
1787495615,vmamba,idrid,./light_models_retina/kkikp8l9/checkpoints/vmamba_best.ckpt,vmamba_idrid_45_1787495615,45,val/f1,0.19132447242736816,"{""train/acc"": 0.309927374124527, ""train/aupr"": 0.3107149004936218, ""train/auroc"": 0.6509391665458679, ""train/f1"": 0.25915461778640747, ""train/loss_epoch"": 1.488995909690857, ""train/loss_step"": 1.5077483654022217}","{""val/acc"": 0.25242719054222107, ""val/aupr"": 0.2959350049495697, ""val/auroc"": 0.5627046227455139, ""val/f1"": 0.19132447242736816, ""val/loss"": 1.844835877418518}",kkikp8l9
1787494558,vmamba,idrid,./light_models_retina/8aitb0m3/checkpoints/vmamba_best.ckpt,vmamba_idrid_44_1787494558,44,val/f1,0.20355328917503357,"{""train/acc"": 0.2857142984867096, ""train/aupr"": 0.28574538230895996, ""train/auroc"": 0.6286712884902954, ""train/f1"": 0.22710373997688293, ""train/loss_epoch"": 1.5361387729644775, ""train/loss_step"": 1.5637778043746948}","{""val/acc"": 0.25242719054222107, ""val/aupr"": 0.28180795907974243, ""val/auroc"": 0.5500734448432922, ""val/f1"": 0.20355328917503357, ""val/loss"": 1.806339144706726}",8aitb0m3
1787493801,vmamba,idrid,./light_models_retina/qs8pj0ui/checkpoints/vmamba_best.ckpt,vmamba_idrid_43_1787493801,43,val/f1,0.24442923069000244,"{""train/acc"": 0.2953995168209076, ""train/aupr"": 0.2797931134700775, ""train/auroc"": 0.6253792643547058, ""train/f1"": 0.2592126727104187, ""train/loss_epoch"": 1.522055745124817, ""train/loss_step"": 1.5153194665908813}","{""val/acc"": 0.3009708821773529, ""val/aupr"": 0.27595052123069763, ""val/auroc"": 0.5580200552940369, ""val/f1"": 0.24442923069000244, ""val/loss"": 1.646438479423523}",qs8pj0ui
1787492876,vmamba,idrid,./light_models_retina/ctcvrwzb/checkpoints/vmamba_best.ckpt,vmamba_idrid_42_1787492876,42,val/f1,0.2077905535697937,"{""train/acc"": 0.33898305892944336, ""train/aupr"": 0.31873154640197754, ""train/auroc"": 0.654151976108551, ""train/f1"": 0.29940468072891235, ""train/loss_epoch"": 1.4929168224334717, ""train/loss_step"": 1.5566837787628174}","{""val/acc"": 0.3009708821773529, ""val/aupr"": 0.2971065938472748, ""val/auroc"": 0.5591657161712646, ""val/f1"": 0.2077905535697937, ""val/loss"": 1.7474268674850464}",ctcvrwzb
1787916885,tinyvit,aptos,./light_models_retina/c3e8s60m/checkpoints/tinyvit_best.ckpt,tinyvit_aptos_46_1787916885,46,val/f1,0.6615750789642334,"{""train/acc"": 0.844368577003479, ""train/aupr"": 0.7484844326972961, ""train/auroc"": 0.9527978897094727, ""train/f1"": 0.6960211992263794, ""train/loss_epoch"": 0.43417248129844666, ""train/loss_step"": 0.3745807409286499}","{""val/acc"": 0.8142076730728149, ""val/aupr"": 0.6923584938049316, ""val/auroc"": 0.933261513710022, ""val/f1"": 0.6615750789642334, ""val/loss"": 0.5210472345352173}",c3e8s60m
1787910387,tinyvit,aptos,./light_models_retina/odo96rhc/checkpoints/tinyvit_best.ckpt,tinyvit_aptos_45_1787910387,45,val/f1,0.6140471696853638,"{""train/acc"": 0.852901041507721, ""train/aupr"": 0.7837511301040649, ""train/auroc"": 0.9614977240562439, ""train/f1"": 0.7254737615585327, ""train/loss_epoch"": 0.4017103314399719, ""train/loss_step"": 0.5498682260513306}","{""val/acc"": 0.7841529846191406, ""val/aupr"": 0.6588184237480164, ""val/auroc"": 0.9223808646202087, ""val/f1"": 0.6140471696853638, ""val/loss"": 0.5766354203224182}",odo96rhc
1787902683,tinyvit,aptos,./light_models_retina/9en3qqdh/checkpoints/tinyvit_best.ckpt,tinyvit_aptos_44_1787902683,44,val/f1,0.5803797245025635,"{""train/acc"": 0.8638225197792053, ""train/aupr"": 0.8095139861106873, ""train/auroc"": 0.9661251306533813, ""train/f1"": 0.7456814050674438, ""train/loss_epoch"": 0.37187257409095764, ""train/loss_step"": 0.3540498614311218}","{""val/acc"": 0.7540983557701111, ""val/aupr"": 0.600979208946228, ""val/auroc"": 0.9165604710578918, ""val/f1"": 0.5803797245025635, ""val/loss"": 0.6888582110404968}",9en3qqdh
1787898114,tinyvit,aptos,./light_models_retina/wevnci5j/checkpoints/tinyvit_best.ckpt,tinyvit_aptos_43_1787898114,43,val/f1,0.5669943690299988,"{""train/acc"": 0.8068259358406067, ""train/aupr"": 0.6730051040649414, ""train/auroc"": 0.9357832074165344, ""train/f1"": 0.6374505162239075, ""train/loss_epoch"": 0.5090709924697876, ""train/loss_step"": 0.49701738357543945}","{""val/acc"": 0.7896174788475037, ""val/aupr"": 0.6585882902145386, ""val/auroc"": 0.9262216687202454, ""val/f1"": 0.5669943690299988, ""val/loss"": 0.5177080631256104}",wevnci5j
1787890117,tinyvit,aptos,./light_models_retina/lyq02xya/checkpoints/tinyvit_best.ckpt,tinyvit_aptos_42_1787890117,42,val/f1,0.673983633518219,"{""train/acc"": 0.8614334464073181, ""train/aupr"": 0.8118416666984558, ""train/auroc"": 0.9659225344657898, ""train/f1"": 0.7490993738174438, ""train/loss_epoch"": 0.3679060935974121, ""train/loss_step"": 0.33601513504981995}","{""val/acc"": 0.8032786846160889, ""val/aupr"": 0.7060524821281433, ""val/auroc"": 0.9426079988479614, ""val/f1"": 0.673983633518219, ""val/loss"": 0.511656641960144}",lyq02xya
1787888168,tinyvit,idrid,./light_models_retina/za0zo98e/checkpoints/tinyvit_best.ckpt,tinyvit_idrid_46_1787888168,46,val/f1,0.32874608039855957,"{""train/acc"": 0.5399515628814697, ""train/aupr"": 0.5468876361846924, ""train/auroc"": 0.8698943257331848, ""train/f1"": 0.5079305171966553, ""train/loss_epoch"": 0.9887315034866333, ""train/loss_step"": 1.0515353679656982}","{""val/acc"": 0.3300970792770386, ""val/aupr"": 0.4225780665874481, ""val/auroc"": 0.7865431308746338, ""val/f1"": 0.32874608039855957, ""val/loss"": 1.2994529008865356}",za0zo98e
1787885792,tinyvit,idrid,./light_models_retina/0c8i49xn/checkpoints/tinyvit_best.ckpt,tinyvit_idrid_45_1787885792,45,val/f1,0.40389811992645264,"{""train/acc"": 0.5593220591545105, ""train/aupr"": 0.5982193350791931, ""train/auroc"": 0.8792235255241394, ""train/f1"": 0.5219874382019043, ""train/loss_epoch"": 0.9106685519218445}","{""val/acc"": 0.41747573018074036, ""val/aupr"": 0.4626177251338959, ""val/auroc"": 0.7880114912986755, ""val/f1"": 0.40389811992645264, ""val/loss"": 1.3492591381072998}",0c8i49xn
1787883722,tinyvit,idrid,./light_models_retina/8fb2pof5/checkpoints/tinyvit_best.ckpt,tinyvit_idrid_44_1787883722,44,val/f1,0.2568512260913849,"{""train/acc"": 0.508474588394165, ""train/aupr"": 0.6169634461402893, ""train/auroc"": 0.8754372000694275, ""train/f1"": 0.4895781874656677, ""train/loss_epoch"": 0.9332465529441833, ""train/loss_step"": 0.9597998261451721}","{""val/acc"": 0.28155338764190674, ""val/aupr"": 0.39946988224983215, ""val/auroc"": 0.7480792999267578, ""val/f1"": 0.2568512260913849, ""val/loss"": 1.571106195449829}",8fb2pof5
1787881551,tinyvit,idrid,./light_models_retina/hx5qwyvo/checkpoints/tinyvit_best.ckpt,tinyvit_idrid_43_1787881551,43,val/f1,0.38227379322052,"{""train/acc"": 0.518159806728363, ""train/aupr"": 0.5699684023857117, ""train/auroc"": 0.8706188201904297, ""train/f1"": 0.4894571900367737, ""train/loss_epoch"": 0.9563705921173096}","{""val/acc"": 0.41747573018074036, ""val/aupr"": 0.45836663246154785, ""val/auroc"": 0.7879000306129456, ""val/f1"": 0.38227379322052, ""val/loss"": 1.5456782579421997}",hx5qwyvo
1787879995,tinyvit,idrid,./light_models_retina/lnnz1e2n/checkpoints/tinyvit_best.ckpt,tinyvit_idrid_42_1787879995,42,val/f1,0.3687744736671448,"{""train/acc"": 0.5326876640319824, ""train/aupr"": 0.5345702171325684, ""train/auroc"": 0.8518742918968201, ""train/f1"": 0.49866732954978943, ""train/loss_epoch"": 1.0273866653442383, ""train/loss_step"": 0.9588441252708435}","{""val/acc"": 0.41747573018074036, ""val/aupr"": 0.4307318329811096, ""val/auroc"": 0.7639609575271606, ""val/f1"": 0.3687744736671448, ""val/loss"": 1.398461103439331}",lnnz1e2n
1787481791,mobilenet,aptos,./light_models_retina/wszkk2xg/checkpoints/mobilenet_best.ckpt,mobilenet_aptos_46_1787481791,46,val/f1,0.6649144887924194,"{""train/acc"": 0.8385665416717529, ""train/aupr"": 0.7838796973228455, ""train/auroc"": 0.9568163156509399, ""train/f1"": 0.7043331265449524, ""train/loss_epoch"": 0.42876848578453064, ""train/loss_step"": 0.392146497964859}","{""val/acc"": 0.806010901927948, ""val/aupr"": 0.6645941734313965, ""val/auroc"": 0.9345354437828064, ""val/f1"": 0.6649144887924194, ""val/loss"": 0.567622184753418}",wszkk2xg
1787468532,mobilenet,aptos,./light_models_retina/9d90noja/checkpoints/mobilenet_best.ckpt,mobilenet_aptos_45_1787468532,45,val/f1,0.6438943147659302,"{""train/acc"": 0.8566552996635437, ""train/aupr"": 0.8204717636108398, ""train/auroc"": 0.9667836427688599, ""train/f1"": 0.745233416557312, ""train/loss_epoch"": 0.379347026348114, ""train/loss_step"": 0.3487495183944702}","{""val/acc"": 0.7978141903877258, ""val/aupr"": 0.6529929041862488, ""val/auroc"": 0.9230514764785767, ""val/f1"": 0.6438943147659302, ""val/loss"": 0.6234777569770813}",9d90noja
1787456875,mobilenet,aptos,./light_models_retina/q84wyxcg/checkpoints/mobilenet_best.ckpt,mobilenet_aptos_44_1787456875,44,val/f1,0.6242433786392212,"{""train/acc"": 0.8426620960235596, ""train/aupr"": 0.7632150053977966, ""train/auroc"": 0.9559580087661743, ""train/f1"": 0.7060827016830444, ""train/loss_epoch"": 0.4322810471057892, ""train/loss_step"": 0.40237873792648315}","{""val/acc"": 0.8005464673042297, ""val/aupr"": 0.6518317461013794, ""val/auroc"": 0.9254059195518494, ""val/f1"": 0.6242433786392212, ""val/loss"": 0.6066367626190186}",q84wyxcg
1787448372,mobilenet,aptos,./light_models_retina/4txhs966/checkpoints/mobilenet_best.ckpt,mobilenet_aptos_43_1787448372,43,val/f1,0.66396164894104,"{""train/acc"": 0.8044368624687195, ""train/aupr"": 0.6906675696372986, ""train/auroc"": 0.9339836239814758, ""train/f1"": 0.6324669122695923, ""train/loss_epoch"": 0.5197091102600098, ""train/loss_step"": 0.5539849996566772}","{""val/acc"": 0.8087431788444519, ""val/aupr"": 0.7165042757987976, ""val/auroc"": 0.937268078327179, ""val/f1"": 0.66396164894104, ""val/loss"": 0.5122343897819519}",4txhs966
1787439445,mobilenet,aptos,./light_models_retina/fnvukp0f/checkpoints/mobilenet_best.ckpt,mobilenet_aptos_42_1787439445,42,val/f1,0.6395388841629028,"{""train/acc"": 0.7996587157249451, ""train/aupr"": 0.6855053901672363, ""train/auroc"": 0.9348875284194946, ""train/f1"": 0.6290569305419922, ""train/loss_epoch"": 0.5217774510383606, ""train/loss_step"": 0.513380229473114}","{""val/acc"": 0.8032786846160889, ""val/aupr"": 0.6778262257575989, ""val/auroc"": 0.9294889569282532, ""val/f1"": 0.6395388841629028, ""val/loss"": 0.5468779802322388}",fnvukp0f
1787438230,mobilenet,idrid,./light_models_retina/fgjadc5h/checkpoints/mobilenet_best.ckpt,mobilenet_idrid_46_1787438230,46,val/f1,0.193621963262558,"{""train/acc"": 0.33656173944473267, ""train/aupr"": 0.32660457491874695, ""train/auroc"": 0.6622878909111023, ""train/f1"": 0.30417829751968384, ""train/loss_epoch"": 1.486716389656067}","{""val/acc"": 0.19417475163936615, ""val/aupr"": 0.3269517421722412, ""val/auroc"": 0.5859851241111755, ""val/f1"": 0.19362196326255798, ""val/loss"": 1.779569149017334}",fgjadc5h
1787437496,mobilenet,idrid,./light_models_retina/lfqdkt9y/checkpoints/mobilenet_best.ckpt,mobilenet_idrid_45_1787437496,45,val/f1,0.0729999989271164,"{""train/acc"": 0.2615012228488922, ""train/aupr"": 0.29055967926979065, ""train/auroc"": 0.628618061542511, ""train/f1"": 0.22227215766906738, ""train/loss_epoch"": 1.5570955276489258, ""train/loss_step"": 1.487694263458252}","{""val/acc"": 0.11650485545396805, ""val/aupr"": 0.3595162630081177, ""val/auroc"": 0.5963595509529114, ""val/f1"": 0.0729999989271164, ""val/loss"": 1.6943377256393433}",lfqdkt9y
1787436644,mobilenet,idrid,./light_models_retina/2yukk9vd/checkpoints/mobilenet_best.ckpt,mobilenet_idrid_44_1787436644,44,val/f1,0.19207392632961273,"{""train/acc"": 0.324455201625824, ""train/aupr"": 0.3017449676990509, ""train/auroc"": 0.6467665433883667, ""train/f1"": 0.2745014727115631, ""train/loss_epoch"": 1.5432018041610718, ""train/loss_step"": 1.4426887035369873}","{""val/acc"": 0.27184465527534485, ""val/aupr"": 0.2865680754184723, ""val/auroc"": 0.5619110465049744, ""val/f1"": 0.19207392632961273, ""val/loss"": 1.73051917552948}",2yukk9vd
1787435588,mobilenet,idrid,./light_models_retina/4pxd89e0/checkpoints/mobilenet_best.ckpt,mobilenet_idrid_43_1787435588,43,val/f1,0.1691068708896637,"{""train/acc"": 0.3171912729740143, ""train/aupr"": 0.313947468996048, ""train/auroc"": 0.6716024875640869, ""train/f1"": 0.26749399304389954, ""train/loss_epoch"": 1.511207103729248, ""train/loss_step"": 1.4285778999328613}","{""val/acc"": 0.21359223127365112, ""val/aupr"": 0.3257766366004944, ""val/auroc"": 0.5868119597434998, ""val/f1"": 0.1691068708896637, ""val/loss"": 1.7837351560592651}",4pxd89e0
1787434876,mobilenet,idrid,./light_models_retina/6mbrjzx6/checkpoints/mobilenet_best.ckpt,mobilenet_idrid_42_1787434876,42,val/f1,0.21065163612365723,"{""train/acc"": 0.2736077606678009, ""train/aupr"": 0.28782835602760315, ""train/auroc"": 0.6234652400016785, ""train/f1"": 0.21705174446105957, ""train/loss_epoch"": 1.6025577783584595, ""train/loss_step"": 1.7378551959991455}","{""val/acc"": 0.24271844327449799, ""val/aupr"": 0.28723809123039246, ""val/auroc"": 0.5667299032211304, ""val/f1"": 0.21065163612365723, ""val/loss"": 1.6801015138626099}",6mbrjzx6
1787427425,efficientnet,aptos,./light_models_retina/yt5mc5kf/checkpoints/efficientnet_best.ckpt,efficientnet_aptos_46_1787427425,46,val/f1,0.654958963394165,"{""train/acc"": 0.8549488186836243, ""train/aupr"": 0.7780687808990479, ""train/auroc"": 0.9581882357597351, ""train/f1"": 0.7287081480026245, ""train/loss_epoch"": 0.4070707857608795, ""train/loss_step"": 0.5776381492614746}","{""val/acc"": 0.8087431788444519, ""val/aupr"": 0.6861435174942017, ""val/auroc"": 0.9378606677055359, ""val/f1"": 0.654958963394165, ""val/loss"": 0.541520893573761}",yt5mc5kf
1787418596,efficientnet,aptos,./light_models_retina/nui3q1fy/checkpoints/efficientnet_best.ckpt,efficientnet_aptos_45_1787418596,45,val/f1,0.6085011959075928,"{""train/acc"": 0.8860068321228027, ""train/aupr"": 0.8591764569282532, ""train/auroc"": 0.9739384055137634, ""train/f1"": 0.7905694842338562, ""train/loss_epoch"": 0.3231671154499054, ""train/loss_step"": 0.3687986731529236}","{""val/acc"": 0.7732240557670593, ""val/aupr"": 0.6662716269493103, ""val/auroc"": 0.921157956123352, ""val/f1"": 0.6085011959075928, ""val/loss"": 0.7108451128005981}",nui3q1fy
1787405437,efficientnet,aptos,./light_models_retina/hiryl3a8/checkpoints/efficientnet_best.ckpt,efficientnet_aptos_44_1787405437,44,val/f1,0.6274362802505493,"{""train/acc"": 0.9402730464935303, ""train/aupr"": 0.9508405923843384, ""train/auroc"": 0.9929165840148926, ""train/f1"": 0.8965700268745422, ""train/loss_epoch"": 0.17098408937454224, ""train/loss_step"": 0.19027163088321686}","{""val/acc"": 0.806010901927948, ""val/aupr"": 0.6616706252098083, ""val/auroc"": 0.9271073341369629, ""val/f1"": 0.6274362802505493, ""val/loss"": 0.9080791473388672}",hiryl3a8
1787398414,efficientnet,aptos,./light_models_retina/8i8urqob/checkpoints/efficientnet_best.ckpt,efficientnet_aptos_43_1787398414,43,val/f1,0.615013837814331,"{""train/acc"": 0.8040955662727356, ""train/aupr"": 0.6795438528060913, ""train/auroc"": 0.9342433214187622, ""train/f1"": 0.6267653703689575, ""train/loss_epoch"": 0.5356127023696899, ""train/loss_step"": 0.5448979139328003}","{""val/acc"": 0.7759562730789185, ""val/aupr"": 0.6352104544639587, ""val/auroc"": 0.9276382327079773, ""val/f1"": 0.615013837814331, ""val/loss"": 0.5718190670013428}",8i8urqob
1787391066,efficientnet,aptos,./light_models_retina/6shctnyp/checkpoints/efficientnet_best.ckpt,efficientnet_aptos_42_1787391066,42,val/f1,0.5904402732849121,"{""train/acc"": 0.8266211748123169, ""train/aupr"": 0.7340962290763855, ""train/auroc"": 0.9487268328666687, ""train/f1"": 0.672263503074646, ""train/loss_epoch"": 0.46441471576690674, ""train/loss_step"": 0.3164267838001251}","{""val/acc"": 0.7677595615386963, ""val/aupr"": 0.6452007293701172, ""val/auroc"": 0.9267998933792114, ""val/f1"": 0.5904402732849121, ""val/loss"": 0.5782321095466614}",6shctnyp
1787389935,efficientnet,idrid,./light_models_retina/lpnrzgxu/checkpoints/efficientnet_best.ckpt,efficientnet_idrid_46_1787389935,46,val/f1,0.14758722484111786,"{""train/acc"": 0.2978208363056183, ""train/aupr"": 0.31593775749206543, ""train/auroc"": 0.6594363451004028, ""train/f1"": 0.23244141042232513, ""train/loss_epoch"": 1.5230073928833008, ""train/loss_step"": 1.4876716136932373}","{""val/acc"": 0.19417475163936615, ""val/aupr"": 0.3165985643863678, ""val/auroc"": 0.5802860260009766, ""val/f1"": 0.14758722484111786, ""val/loss"": 1.751978874206543}",lpnrzgxu
1787388586,efficientnet,idrid,./light_models_retina/dvsucznx/checkpoints/efficientnet_best.ckpt,efficientnet_idrid_45_1787388586,45,val/f1,0.14677003026008606,"{""train/acc"": 0.3123486638069153, ""train/aupr"": 0.3148525655269623, ""train/auroc"": 0.6598494052886963, ""train/f1"": 0.28821805119514465, ""train/loss_epoch"": 1.4834827184677124, ""train/loss_step"": 1.4435131549835205}","{""val/acc"": 0.21359223127365112, ""val/aupr"": 0.3044569790363312, ""val/auroc"": 0.6054269671440125, ""val/f1"": 0.14677003026008606, ""val/loss"": 1.883033275604248}",dvsucznx
1787387228,efficientnet,idrid,./light_models_retina/858tqx8z/checkpoints/efficientnet_best.ckpt,efficientnet_idrid_44_1787387228,44,val/f1,0.228633850812912,"{""train/acc"": 0.3123486638069153, ""train/aupr"": 0.30436640977859497, ""train/auroc"": 0.654251217842102, ""train/f1"": 0.26234444975852966, ""train/loss_epoch"": 1.5975004434585571, ""train/loss_step"": 1.8763607740402222}","{""val/acc"": 0.24271844327449799, ""val/aupr"": 0.2942377030849457, ""val/auroc"": 0.6022937297821045, ""val/f1"": 0.228633850812912, ""val/loss"": 1.6589882373809814}",858tqx8z
1787386491,efficientnet,idrid,./light_models_retina/39jcs4ce/checkpoints/efficientnet_best.ckpt,efficientnet_idrid_43_1787386491,43,val/f1,0.19368641078472135,"{""train/acc"": 0.2929781973361969, ""train/aupr"": 0.26731789112091064, ""train/auroc"": 0.5976738333702087, ""train/f1"": 0.23591336607933044, ""train/loss_epoch"": 2.0018086433410645, ""train/loss_step"": 1.9476392269134521}","{""val/acc"": 0.28155338764190674, ""val/aupr"": 0.3083382546901703, ""val/auroc"": 0.5463585257530212, ""val/f1"": 0.19368641078472137, ""val/loss"": 1.7514734268188477}",39jcs4ce
1787384981,efficientnet,idrid,./light_models_retina/19x3pgu9/checkpoints/efficientnet_best.ckpt,efficientnet_idrid_42_1787384981,42,val/f1,0.2265866696834564,"{""train/acc"": 0.33656173944473267, ""train/aupr"": 0.3009440302848816, ""train/auroc"": 0.6511567234992981, ""train/f1"": 0.29782402515411377, ""train/loss_epoch"": 1.5064308643341064, ""train/loss_step"": 1.4863910675048828}","{""val/acc"": 0.24271844327449799, ""val/aupr"": 0.2981528341770172, ""val/auroc"": 0.6010439991950989, ""val/f1"": 0.22658666968345642, ""val/loss"": 1.5762550830841064}",19x3pgu9
1787378624,unet,aptos,./light_models_retina/61awviq8/checkpoints/unet_best.ckpt,unet_aptos_46_1787378624,46,val/f1,0.6614542007446289,"{""train/acc"": 0.8566552996635437, ""train/aupr"": 0.7964273691177368, ""train/auroc"": 0.9631458520889282, ""train/f1"": 0.7299013137817383, ""train/loss_epoch"": 0.3667799234390259, ""train/loss_step"": 0.3894116282463074}","{""val/acc"": 0.811475396156311, ""val/aupr"": 0.7205910086631775, ""val/auroc"": 0.9395683407783508, ""val/f1"": 0.6614542007446289, ""val/loss"": 0.5371192693710327}",61awviq8
1787371451,unet,aptos,./light_models_retina/6i78cfss/checkpoints/unet_best.ckpt,unet_aptos_45_1787371451,45,val/f1,0.6778357028961182,"{""train/acc"": 0.8699658513069153, ""train/aupr"": 0.8044280409812927, ""train/auroc"": 0.9659485220909119, ""train/f1"": 0.7463301420211792, ""train/loss_epoch"": 0.3516779839992523, ""train/loss_step"": 0.4296238422393799}","{""val/acc"": 0.8251366019248962, ""val/aupr"": 0.7318657040596008, ""val/auroc"": 0.9409219622612, ""val/f1"": 0.6778357028961182, ""val/loss"": 0.553214967250824}",6i78cfss
1787365419,unet,aptos,./light_models_retina/gxt54b6x/checkpoints/unet_best.ckpt,unet_aptos_44_1787365419,44,val/f1,0.6509557962417603,"{""train/acc"": 0.8627986311912537, ""train/aupr"": 0.7834779024124146, ""train/auroc"": 0.9640124440193176, ""train/f1"": 0.7390360832214355, ""train/loss_epoch"": 0.3684675395488739, ""train/loss_step"": 0.25278782844543457}","{""val/acc"": 0.8005464673042297, ""val/aupr"": 0.7092189192771912, ""val/auroc"": 0.9384343028068542, ""val/f1"": 0.6509557962417603, ""val/loss"": 0.5238240957260132}",gxt54b6x
1787361329,unet,aptos,./light_models_retina/11rzgdr8/checkpoints/unet_best.ckpt,unet_aptos_43_1787361329,43,val/f1,0.581283688545227,"{""train/acc"": 0.8409556150436401, ""train/aupr"": 0.726465106010437, ""train/auroc"": 0.9494625329971313, ""train/f1"": 0.6835588812828064, ""train/loss_epoch"": 0.4359439015388489, ""train/loss_step"": 0.2812948524951935}","{""val/acc"": 0.7759562730789185, ""val/aupr"": 0.6724085211753845, ""val/auroc"": 0.9264904856681824, ""val/f1"": 0.581283688545227, ""val/loss"": 0.6227959990501404}",11rzgdr8
1787354122,unet,aptos,./light_models_retina/8omhdajp/checkpoints/unet_best.ckpt,unet_aptos_42_1787354122,42,val/f1,0.6492475271224976,"{""train/acc"": 0.8621160387992859, ""train/aupr"": 0.7981805801391602, ""train/auroc"": 0.9652841687202454, ""train/f1"": 0.7386960387229919, ""train/loss_epoch"": 0.3633221685886383, ""train/loss_step"": 0.3510846197605133}","{""val/acc"": 0.8142076730728149, ""val/aupr"": 0.7057267427444458, ""val/auroc"": 0.9400147795677185, ""val/f1"": 0.6492475271224976, ""val/loss"": 0.5401226282119751}",8omhdajp
1787353462,unet,idrid,./light_models_retina/9kfh9fbm/checkpoints/unet_best.ckpt,unet_idrid_46_1787353462,46,val/f1,0.24275848269462583,"{""train/acc"": 0.3995157480239868, ""train/aupr"": 0.3715413212776184, ""train/auroc"": 0.7210803031921387, ""train/f1"": 0.3361215591430664, ""train/loss_epoch"": 1.3737705945968628, ""train/loss_step"": 1.3858444690704346}","{""val/acc"": 0.25242719054222107, ""val/aupr"": 0.32701942324638367, ""val/auroc"": 0.6708840727806091, ""val/f1"": 0.24275848269462585, ""val/loss"": 1.4856457710266113}",9kfh9fbm
1787349564,unet,idrid,./light_models_retina/6t1v7sle/checkpoints/unet_best.ckpt,unet_idrid_45_1787349564,45,val/f1,0.4459114968776703,"{""train/acc"": 0.6343825459480286, ""train/aupr"": 0.6473336219787598, ""train/auroc"": 0.9032759666442871, ""train/f1"": 0.5868122577667236, ""train/loss_epoch"": 0.8402072191238403, ""train/loss_step"": 0.787681519985199}","{""val/acc"": 0.48543688654899597, ""val/aupr"": 0.4854249060153961, ""val/auroc"": 0.8001767992973328, ""val/f1"": 0.4459114968776703, ""val/loss"": 1.2107733488082886}",6t1v7sle
1787348981,unet,idrid,./light_models_retina/pn82xn1o/checkpoints/unet_best.ckpt,unet_idrid_44_1787348981,44,val/f1,0.2784120440483093,"{""train/acc"": 0.319612592458725, ""train/aupr"": 0.3650370240211487, ""train/auroc"": 0.7281659841537476, ""train/f1"": 0.2797483205795288, ""train/loss_epoch"": 1.3906883001327515, ""train/loss_step"": 1.3428618907928467}","{""val/acc"": 0.291262149810791, ""val/aupr"": 0.34298357367515564, ""val/auroc"": 0.6829695105552673, ""val/f1"": 0.2784120440483093, ""val/loss"": 1.5048326253890991}",pn82xn1o
1787346265,unet,idrid,./light_models_retina/kosl4pvj/checkpoints/unet_best.ckpt,unet_idrid_43_1787346265,43,val/f1,0.4692813754081726,"{""train/acc"": 0.5859563946723938, ""train/aupr"": 0.5977450609207153, ""train/auroc"": 0.8938661813735962, ""train/f1"": 0.5548498630523682, ""train/loss_epoch"": 0.8609845042228699, ""train/loss_step"": 1.1339552402496338}","{""val/acc"": 0.5048543810844421, ""val/aupr"": 0.5010757446289062, ""val/auroc"": 0.8280128836631775, ""val/f1"": 0.4692813754081726, ""val/loss"": 1.1251851320266724}",kosl4pvj
1787344780,unet,idrid,./light_models_retina/pjej8yjr/checkpoints/unet_best.ckpt,unet_idrid_42_1787344780,42,val/f1,0.23281648755073547,"{""train/acc"": 0.5399515628814697, ""train/aupr"": 0.5397281646728516, ""train/auroc"": 0.8652065396308899, ""train/f1"": 0.493958443403244, ""train/loss_epoch"": 0.9800187945365906, ""train/loss_step"": 0.9945356845855713}","{""val/acc"": 0.27184465527534485, ""val/aupr"": 0.37528327107429504, ""val/auroc"": 0.7431708574295044, ""val/f1"": 0.23281648755073547, ""val/loss"": 1.3690812587738037}",pjej8yjr
1790470395,dvmamba,messidor,./vmamba_head_training/qqjdw38o/checkpoints/best_head.ckpt,head_messidor_unmasked_45_1790470395,45,val/f1,0.18385092914104464,"{""train/acc"": 0.5280254483222961, ""train/aupr"": 0.24460116028785706, ""train/auroc"": 0.5598440170288086, ""train/f1"": 0.22257161140441895, ""train/loss_epoch"": 1.2613239288330078}","{""val/acc"": 0.8505747318267822, ""val/aupr"": 0.2831198573112488, ""val/auroc"": 0.6463620066642761, ""val/f1"": 0.18385092914104462, ""val/loss"": 0.8314770460128784}",qqjdw38o
1790456111,dvmamba,messidor,./vmamba_head_training/buksb85f/checkpoints/best_head.ckpt,head_messidor_unmasked_46_1790456111,46,val/f1,0.18385092914104464,"{""train/acc"": 0.475159227848053, ""train/aupr"": 0.250405490398407, ""train/auroc"": 0.5637483596801758, ""train/f1"": 0.25453975796699524, ""train/loss_epoch"": 1.3710135221481323, ""train/loss_step"": 1.4102567434310913}","{""val/acc"": 0.8505747318267822, ""val/aupr"": 0.24012179672718048, ""val/auroc"": 0.6134032607078552, ""val/f1"": 0.18385092914104462, ""val/loss"": 0.8568816781044006}",buksb85f
1790454834,dvmamba,messidor,./vmamba_head_training/47264mgy/checkpoints/best_head.ckpt,head_messidor_unmasked_44_1790454834,44,val/f1,0.18385092914104464,"{""train/acc"": 0.5267515778541565, ""train/aupr"": 0.24412086606025696, ""train/auroc"": 0.5759329199790955, ""train/f1"": 0.2049841582775116, ""train/loss_epoch"": 1.2730896472930908, ""train/loss_step"": 1.3536880016326904}","{""val/acc"": 0.8505747318267822, ""val/aupr"": 0.239982008934021, ""val/auroc"": 0.6327630281448364, ""val/f1"": 0.18385092914104462, ""val/loss"": 0.7576953172683716}",47264mgy
1790453573,dvmamba,messidor,./vmamba_head_training/1rhfwpf6/checkpoints/best_head.ckpt,head_messidor_unmasked_43_1790453573,43,val/f1,0.18385092914104464,"{""train/acc"": 0.512738823890686, ""train/aupr"": 0.23751071095466614, ""train/auroc"": 0.590910017490387, ""train/f1"": 0.19963940978050232, ""train/loss_epoch"": 1.2563576698303223, ""train/loss_step"": 1.1029375791549683}","{""val/acc"": 0.8505747318267822, ""val/aupr"": 0.24497616291046143, ""val/auroc"": 0.6701721549034119, ""val/f1"": 0.18385092914104462, ""val/loss"": 0.7379634380340576}",1rhfwpf6
1790452341,dvmamba,messidor,./vmamba_head_training/5darw0fe/checkpoints/best_head.ckpt,head_messidor_unmasked_42_1790452341,42,val/f1,0.18317756056785583,"{""train/acc"": 0.445222944021225, ""train/aupr"": 0.23530660569667816, ""train/auroc"": 0.5518295168876648, ""train/f1"": 0.2280997633934021, ""train/loss_epoch"": 1.4748992919921875}","{""val/acc"": 0.8448275923728943, ""val/aupr"": 0.35058319568634033, ""val/auroc"": 0.6738266944885254, ""val/f1"": 0.18317756056785583, ""val/loss"": 1.0033968687057495}",5darw0fe
1790571987,tinyvit,messidor,./light_models_retina/jus08lpk/checkpoints/tinyvit_best.ckpt,tinyvit_messidor_42_1790571042,42,val/f1,0.4012695550918579,"{""train/acc"": 0.4295729696750641, ""train/aupr"": 0.335593044757843, ""train/auroc"": 0.7188984751701355, ""train/f1"": 0.3019532561302185, ""train/loss_epoch"": 1.3427139520645142, ""train/loss_step"": 1.0729546546936035}","{""val/acc"": 0.5142857432365417, ""val/aupr"": 0.49265167117118835, ""val/auroc"": 0.785764217376709, ""val/f1"": 0.4012695550918579, ""val/loss"": 1.1516512632369995}",jus08lpk
1790572848,tinyvit,messidor,./light_models_retina/9xxjjlfh/checkpoints/tinyvit_best.ckpt,tinyvit_messidor_43_1790571995,43,val/f1,0.41115474700927734,"{""train/acc"": 0.495219886302948, ""train/aupr"": 0.37731659412384033, ""train/auroc"": 0.7158605456352234, ""train/f1"": 0.3342463970184326, ""train/loss_epoch"": 1.3238751888275146, ""train/loss_step"": 1.2364717721939087}","{""val/acc"": 0.5314285755157471, ""val/aupr"": 0.4175723195075989, ""val/auroc"": 0.7802261114120483, ""val/f1"": 0.41115474700927734, ""val/loss"": 1.2412919998168945}",9xxjjlfh
1790573936,tinyvit,messidor,./light_models_retina/ag9lcid1/checkpoints/tinyvit_best.ckpt,tinyvit_messidor_44_1790572857,44,val/f1,0.44520604610443115,"{""train/acc"": 0.38304653763771057, ""train/aupr"": 0.27643686532974243, ""train/auroc"": 0.6527408957481384, ""train/f1"": 0.2372450828552246, ""train/loss_epoch"": 1.4936771392822266, ""train/loss_step"": 1.4219062328338623}","{""val/acc"": 0.5600000023841858, ""val/aupr"": 0.33738961815834045, ""val/auroc"": 0.721886932849884, ""val/f1"": 0.44520604610443115, ""val/loss"": 1.4089418649673462}",ag9lcid1
1790574912,tinyvit,messidor,./light_models_retina/j7s0qo9n/checkpoints/tinyvit_best.ckpt,tinyvit_messidor_45_1790573946,45,val/f1,0.3572389781475067,"{""train/acc"": 0.3843212127685547, ""train/aupr"": 0.30787786841392517, ""train/auroc"": 0.6994206309318542, ""train/f1"": 0.2830272316932678, ""train/loss_epoch"": 1.385764479637146, ""train/loss_step"": 1.2145272493362427}","{""val/acc"": 0.5028571486473083, ""val/aupr"": 0.48692914843559265, ""val/auroc"": 0.7775861620903015, ""val/f1"": 0.3572389781475067, ""val/loss"": 1.2376697063446045}",j7s0qo9n
1790575834,tinyvit,messidor,./light_models_retina/j9earwc2/checkpoints/tinyvit_best.ckpt,tinyvit_messidor_46_1790574920,46,val/f1,0.4319669008255005,"{""train/acc"": 0.4595283567905426, ""train/aupr"": 0.3358325958251953, ""train/auroc"": 0.7192952036857605, ""train/f1"": 0.3129587173461914, ""train/loss_epoch"": 1.3316805362701416, ""train/loss_step"": 1.2395070791244507}","{""val/acc"": 0.5199999809265137, ""val/aupr"": 0.4310911297798157, ""val/auroc"": 0.7845939993858337, ""val/f1"": 0.4319669008255005, ""val/loss"": 1.2454043626785278}",j9earwc2
1790533571,retfound_finetune,mbrset,./retfound_unified/9f18qe6x/checkpoints/retfound_finetune_best.ckpt,retfound_mbrset_seed42_1790528174,42,val/f1,0.2627295255661011,"{""train/acc"": 0.8507055044174194, ""train/aupr"": 0.5575138926506042, ""train/auroc"": 0.8932338953018188, ""train/f1"": 0.49311965703964233, ""train/loss_epoch"": 0.46469640731811523, ""train/loss_step"": 0.4556785821914673}","{""val/acc"": 0.7336065769195557, ""val/aupr"": 0.2521078288555145, ""val/auroc"": 0.6489256024360657, ""val/f1"": 0.2627295255661011, ""val/loss"": 0.9211879372596741}",9f18qe6x
1790538714,retfound_finetune,mbrset,./retfound_unified/y9fgshya/checkpoints/retfound_finetune_best.ckpt,retfound_mbrset_seed43_1790533581,43,val/f1,0.2661761939525604,"{""train/acc"": 0.8058716654777527, ""train/aupr"": 0.3989536464214325, ""train/auroc"": 0.8043665289878845, ""train/f1"": 0.347812682390213, ""train/loss_epoch"": 0.6270220279693604, ""train/loss_step"": 0.5776093006134033}","{""val/acc"": 0.7889344096183777, ""val/aupr"": 0.3266420066356659, ""val/auroc"": 0.7261133193969727, ""val/f1"": 0.2661761939525604, ""val/loss"": 0.7303220629692078}",y9fgshya
1790546194,retfound_finetune,mbrset,./retfound_unified/7h5u3swa/checkpoints/retfound_finetune_best.ckpt,retfound_mbrset_seed44_1790538724,44,val/f1,0.28229400515556335,"{""train/acc"": 0.9918069839477539, ""train/aupr"": 0.9941818118095398, ""train/auroc"": 0.999212920665741, ""train/f1"": 0.978451132774353, ""train/loss_epoch"": 0.03269394487142563, ""train/loss_step"": 0.10254805535078049}","{""val/acc"": 0.6577869057655334, ""val/aupr"": 0.2510850131511688, ""val/auroc"": 0.5723218321800232, ""val/f1"": 0.28229400515556335, ""val/loss"": 1.433853268623352}",7h5u3swa
1790552538,retfound_finetune,mbrset,./retfound_unified/tnvto2p1/checkpoints/retfound_finetune_best.ckpt,retfound_mbrset_seed45_1790546205,45,val/f1,0.2762047052383423,"{""train/acc"": 0.9761037826538086, ""train/aupr"": 0.9774934649467468, ""train/auroc"": 0.9974138140678406, ""train/f1"": 0.9386220574378967, ""train/loss_epoch"": 0.07571747153997421, ""train/loss_step"": 0.24734511971473694}","{""val/acc"": 0.6967213153839111, ""val/aupr"": 0.27654367685317993, ""val/auroc"": 0.5813297629356384, ""val/f1"": 0.2762047052383423, ""val/loss"": 1.359157681465149}",tnvto2p1
1790582097,retfound_finetune,mbrset,./retfound_unified/wq6zdork/checkpoints/retfound_finetune_best.ckpt,retfound_mbrset_seed46_1790575847,46,val/f1,0.27077457308769226,"{""train/acc"": 0.9458352327346802, ""train/aupr"": 0.9117746353149414, ""train/auroc"": 0.9901954531669617, ""train/f1"": 0.8378421068191528, ""train/loss_epoch"": 0.1526121199131012, ""train/loss_step"": 0.1007871925830841}","{""val/acc"": 0.5348360538482666, ""val/aupr"": 0.26655060052871704, ""val/auroc"": 0.6103658080101013, ""val/f1"": 0.27077457308769226, ""val/loss"": 1.5159024000167847}",wq6zdork
1790554688,retfound_finetune,messidor,./retfound_unified/arwtoa5o/checkpoints/retfound_finetune_best.ckpt,retfound_messidor_seed42_1790552755,42,val/f1,0.32279250025749207,"{""train/acc"": 0.3511790931224823, ""train/aupr"": 0.26817360520362854, ""train/auroc"": 0.6706187129020691, ""train/f1"": 0.26245468854904175, ""train/loss_epoch"": 1.4376318454742432, ""train/loss_step"": 1.1197770833969116}","{""val/acc"": 0.5257142782211304, ""val/aupr"": 0.4716077446937561, ""val/auroc"": 0.7484639286994934, ""val/f1"": 0.32279250025749207, ""val/loss"": 1.5690890550613403}",arwtoa5o
1790558349,retfound_finetune,messidor,./retfound_unified/320n1d8z/checkpoints/retfound_finetune_best.ckpt,retfound_messidor_seed43_1790554697,43,val/f1,0.2956708073616028,"{""train/acc"": 0.9961758852005005, ""train/aupr"": 0.999969482421875, ""train/auroc"": 0.9999859929084778, ""train/f1"": 0.9914321303367615, ""train/loss_epoch"": 0.005994196981191635, ""train/loss_step"": 0.0006322871195152402}","{""val/acc"": 0.5428571701049805, ""val/aupr"": 0.32978978753089905, ""val/auroc"": 0.6092882752418518, ""val/f1"": 0.2956708073616028, ""val/loss"": 4.493736267089844}",320n1d8z
1790562572,retfound_finetune,messidor,./retfound_unified/o5qklvx3/checkpoints/retfound_finetune_best.ckpt,retfound_messidor_seed44_1790558358,44,val/f1,0.3037338852882385,"{""train/acc"": 0.9980879426002502, ""train/aupr"": 0.9999805688858032, ""train/auroc"": 0.9999915957450867, ""train/f1"": 0.9987146854400635, ""train/loss_epoch"": 0.0035373494029045105, ""train/loss_step"": 0.0001591132750036195}","{""val/acc"": 0.48571428656578064, ""val/aupr"": 0.3027655780315399, ""val/auroc"": 0.578863799571991, ""val/f1"": 0.3037338852882385, ""val/loss"": 4.500305652618408}",o5qklvx3
1790564603,retfound_finetune,messidor,./retfound_unified/9uwuywoh/checkpoints/retfound_finetune_best.ckpt,retfound_messidor_seed45_1790562582,45,val/f1,0.29385966062545776,"{""train/acc"": 0.44805607199668884, ""train/aupr"": 0.41723060607910156, ""train/auroc"": 0.7561120390892029, ""train/f1"": 0.3930128514766693, ""train/loss_epoch"": 1.1340445280075073, ""train/loss_step"": 0.9349914789199829}","{""val/acc"": 0.5828571319580078, ""val/aupr"": 0.397577166557312, ""val/auroc"": 0.7133594751358032, ""val/f1"": 0.29385966062545776, ""val/loss"": 1.3774298429489136}",9uwuywoh
1790567428,retfound_finetune,messidor,./retfound_unified/zouoadr2/checkpoints/retfound_finetune_best.ckpt,retfound_messidor_seed46_1790564613,46,val/f1,0.2774790823459625,"{""train/acc"": 0.9362651109695435, ""train/aupr"": 0.9900251626968384, ""train/auroc"": 0.9960697293281555, ""train/f1"": 0.9467568397521973, ""train/loss_epoch"": 0.10766538232564926, ""train/loss_step"": 0.04444334656000137}","{""val/acc"": 0.47999998927116394, ""val/aupr"": 0.2907124161720276, ""val/auroc"": 0.5796266794204712, ""val/f1"": 0.2774790823459625, ""val/loss"": 3.479513168334961}",zouoadr2
1790571432,dtinyvit,messidor,./vmamba_head_training/x0qd2mse/checkpoints/best_head.ckpt,head_messidor_unmasked_42_1790569633,42,val/f1,0.5884462594985962,"{""train/acc"": 0.7393243908882141, ""train/aupr"": 0.8518297076225281, ""train/auroc"": 0.9452525973320007, ""train/f1"": 0.7553205490112305, ""train/loss_epoch"": 0.47862401604652405, ""train/loss_step"": 0.27669793367385864}","{""val/acc"": 0.5828571319580078, ""val/aupr"": 0.5330963134765625, ""val/auroc"": 0.8265215754508972, ""val/f1"": 0.5884462594985962, ""val/loss"": 1.7904636859893799}",x0qd2mse
1790573033,dtinyvit,messidor,./vmamba_head_training/s44062e8/checkpoints/best_head.ckpt,head_messidor_unmasked_43_1790571441,43,val/f1,0.5549749135971069,"{""train/acc"": 0.6449968218803406, ""train/aupr"": 0.7509476542472839, ""train/auroc"": 0.9078216552734375, ""train/f1"": 0.6266920566558838, ""train/loss_epoch"": 0.6029015183448792}","{""val/acc"": 0.5771428346633911, ""val/aupr"": 0.5105447173118591, ""val/auroc"": 0.7787131071090698, ""val/f1"": 0.5549749135971069, ""val/loss"": 1.9059953689575195}",s44062e8
1790574085,dtinyvit,messidor,./vmamba_head_training/5o9oqcwd/checkpoints/best_head.ckpt,head_messidor_unmasked_44_1790573042,44,val/f1,0.5132214426994324,"{""train/acc"": 0.536010205745697, ""train/aupr"": 0.5400625467300415, ""train/auroc"": 0.8368293642997742, ""train/f1"": 0.47583290934562683, ""train/loss_epoch"": 0.9436996579170227}","{""val/acc"": 0.5600000023841858, ""val/aupr"": 0.5301902890205383, ""val/auroc"": 0.8000761270523071, ""val/f1"": 0.5132214426994324, ""val/loss"": 1.713665246963501}",5o9oqcwd
1790575278,dtinyvit,messidor,./vmamba_head_training/i0m6r2cd/checkpoints/best_head.ckpt,head_messidor_unmasked_45_1790574095,45,val/f1,0.5378974080085754,"{""train/acc"": 0.5704270005226135, ""train/aupr"": 0.5939932465553284, ""train/auroc"": 0.8411300778388977, ""train/f1"": 0.5226738452911377, ""train/loss_epoch"": 0.8518278002738953}","{""val/acc"": 0.5942857265472412, ""val/aupr"": 0.5581416487693787, ""val/auroc"": 0.8073284029960632, ""val/f1"": 0.5378974080085754, ""val/loss"": 1.3990199565887451}",i0m6r2cd
1790577667,dtinyvit,messidor,./vmamba_head_training/3zqhoo4s/checkpoints/best_head.ckpt,head_messidor_unmasked_46_1790575288,46,val/f1,0.5641840100288391,"{""train/acc"": 0.5971956849098206, ""train/aupr"": 0.6633472442626953, ""train/auroc"": 0.8761538863182068, ""train/f1"": 0.5763100385665894, ""train/loss_epoch"": 0.7735442519187927}","{""val/acc"": 0.5428571701049805, ""val/aupr"": 0.5278117060661316, ""val/auroc"": 0.8146823048591614, ""val/f1"": 0.5641840100288391, ""val/loss"": 1.4863061904907227}",3zqhoo4s